Renderer, 49, 0.049
init, 5042, 5.042
clear, 55, 0.055
update, 855, 0.855
modelMatrix, 35, 0.035
viewMatrix, 11, 0.011
projectionMatrix, 9, 0.009
draw, 3827, 3.827
clear, 19, 0.019
update, 635, 0.635
modelMatrix, 4, 0.004
viewMatrix, 6, 0.006
projectionMatrix, 4, 0.004
draw, 1060, 1.06
clear, 16, 0.016
update, 590, 0.59
modelMatrix, 4, 0.004
viewMatrix, 5, 0.005
projectionMatrix, 4, 0.004
draw, 977, 0.977
clear, 9, 0.009
update, 559, 0.559
modelMatrix, 4, 0.004
viewMatrix, 5, 0.005
projectionMatrix, 4, 0.004
draw, 937, 0.937
clear, 12, 0.012
update, 1081, 1.081
modelMatrix, 11, 0.011
viewMatrix, 14, 0.014
projectionMatrix, 12, 0.012
draw, 2222, 2.222
clear, 10, 0.01
update, 561, 0.561
modelMatrix, 4, 0.004
viewMatrix, 5, 0.005
projectionMatrix, 4, 0.004
draw, 1026, 1.026
clear, 9, 0.009
update, 575, 0.575
modelMatrix, 4, 0.004
viewMatrix, 5, 0.005
projectionMatrix, 7, 0.007
draw, 1073, 1.073
clear, 8, 0.008
update, 565, 0.565
modelMatrix, 4, 0.004
viewMatrix, 5, 0.005
projectionMatrix, 5, 0.005
draw, 998, 0.998
clear, 11, 0.011
update, 767, 0.767
modelMatrix, 4, 0.004
viewMatrix, 7, 0.007
projectionMatrix, 6, 0.006
draw, 1287, 1.287
clear, 17, 0.017
update, 5550, 5.55
modelMatrix, 5, 0.005
viewMatrix, 5, 0.005
projectionMatrix, 4, 0.004
draw, 6132, 6.132
clear, 10, 0.01
update, 513, 0.513
modelMatrix, 4, 0.004
viewMatrix, 6, 0.006
projectionMatrix, 4, 0.004
draw, 898, 0.898
clear, 8, 0.008
update, 599, 0.599
modelMatrix, 4, 0.004
viewMatrix, 5, 0.005
projectionMatrix, 5, 0.005
draw, 958, 0.958
clear, 9, 0.009
update, 621, 0.621
modelMatrix, 4, 0.004
viewMatrix, 4, 0.004
projectionMatrix, 5, 0.005
draw, 1000, 1
clear, 28, 0.028
update, 765, 0.765
modelMatrix, 8, 0.008
viewMatrix, 9, 0.009
projectionMatrix, 5, 0.005
draw, 1419, 1.419
clear, 11, 0.011
update, 849, 0.849
modelMatrix, 6, 0.006
viewMatrix, 7, 0.007
projectionMatrix, 5, 0.005
draw, 1331, 1.331
clear, 19, 0.019
update, 8839, 8.839
modelMatrix, 15, 0.015
viewMatrix, 8, 0.008
projectionMatrix, 5, 0.005
draw, 9839, 9.839
clear, 17, 0.017
update, 23132, 23.132
modelMatrix, 9, 0.009
viewMatrix, 12, 0.012
projectionMatrix, 7, 0.007
draw, 23836, 23.836
clear, 11, 0.011
update, 22437, 22.437
modelMatrix, 17, 0.017
viewMatrix, 12, 0.012
projectionMatrix, 5, 0.005
draw, 23445, 23.445
clear, 14, 0.014
update, 15233, 15.233
modelMatrix, 10, 0.01
viewMatrix, 20, 0.02
projectionMatrix, 5, 0.005
draw, 16002, 16.002
clear, 13, 0.013
update, 20776, 20.776
modelMatrix, 26, 0.026
viewMatrix, 14, 0.014
projectionMatrix, 7, 0.007
draw, 21690, 21.69
clear, 10, 0.01
update, 16401, 16.401
modelMatrix, 11, 0.011
viewMatrix, 18, 0.018
projectionMatrix, 7, 0.007
draw, 17382, 17.382
clear, 11, 0.011
update, 2587, 2.587
modelMatrix, 3, 0.003
viewMatrix, 6, 0.006
projectionMatrix, 6, 0.006
draw, 3104, 3.104
clear, 9, 0.009
update, 543, 0.543
modelMatrix, 5, 0.005
viewMatrix, 6, 0.006
projectionMatrix, 5, 0.005
draw, 919, 0.919
clear, 10, 0.01
update, 595, 0.595
modelMatrix, 4, 0.004
viewMatrix, 5, 0.005
projectionMatrix, 4, 0.004
draw, 955, 0.955
clear, 9, 0.009
update, 550, 0.55
modelMatrix, 3, 0.003
viewMatrix, 5, 0.005
projectionMatrix, 4, 0.004
draw, 946, 0.946
clear, 10, 0.01
update, 560, 0.56
modelMatrix, 3, 0.003
viewMatrix, 5, 0.005
projectionMatrix, 4, 0.004
draw, 935, 0.935
clear, 7, 0.007
update, 632, 0.632
modelMatrix, 4, 0.004
viewMatrix, 5, 0.005
projectionMatrix, 4, 0.004
draw, 1144, 1.144
addParticle, 4342, 4.342
clear, 20, 0.02
update, 3512, 3.512
modelMatrix, 4, 0.004
viewMatrix, 6, 0.006
projectionMatrix, 4, 0.004
draw, 3935, 3.935
addParticle, 3693, 3.693
clear, 7, 0.007
update, 4416, 4.416
modelMatrix, 4, 0.004
viewMatrix, 6, 0.006
projectionMatrix, 5, 0.005
draw, 4921, 4.921
addParticle, 3623, 3.623
clear, 7, 0.007
update, 6536, 6.536
modelMatrix, 4, 0.004
viewMatrix, 5, 0.005
projectionMatrix, 4, 0.004
draw, 6922, 6.922
addParticle, 3375, 3.375
clear, 7, 0.007
update, 9503, 9.503
modelMatrix, 4, 0.004
viewMatrix, 5, 0.005
projectionMatrix, 4, 0.004
draw, 10047, 10.047
addParticle, 3673, 3.673
clear, 7, 0.007
update, 12143, 12.143
modelMatrix, 4, 0.004
viewMatrix, 6, 0.006
projectionMatrix, 6, 0.006
draw, 12667, 12.667
addParticle, 3783, 3.783
clear, 8, 0.008
update, 13602, 13.602
modelMatrix, 4, 0.004
viewMatrix, 5, 0.005
projectionMatrix, 4, 0.004
draw, 14024, 14.024
addParticle, 3382, 3.382
clear, 6, 0.006
update, 15806, 15.806
modelMatrix, 4, 0.004
viewMatrix, 5, 0.005
projectionMatrix, 4, 0.004
draw, 16245, 16.245
addParticle, 3670, 3.67
clear, 8, 0.008
update, 17338, 17.338
modelMatrix, 3, 0.003
viewMatrix, 6, 0.006
projectionMatrix, 5, 0.005
draw, 17734, 17.734
addParticle, 3738, 3.738
clear, 30, 0.03
update, 20634, 20.634
modelMatrix, 5, 0.005
viewMatrix, 6, 0.006
projectionMatrix, 4, 0.004
draw, 21067, 21.067
addParticle, 3441, 3.441
clear, 7, 0.007
update, 21498, 21.498
modelMatrix, 3, 0.003
viewMatrix, 5, 0.005
projectionMatrix, 4, 0.004
draw, 21928, 21.928
addParticle, 3552, 3.552
clear, 6, 0.006
update, 25174, 25.174
modelMatrix, 5, 0.005
viewMatrix, 7, 0.007
projectionMatrix, 6, 0.006
draw, 25890, 25.89
addParticle, 3354, 3.354
clear, 7, 0.007
update, 25855, 25.855
modelMatrix, 8, 0.008
viewMatrix, 13, 0.013
projectionMatrix, 7, 0.007
draw, 26487, 26.487
addParticle, 3425, 3.425
clear, 8, 0.008
update, 27445, 27.445
modelMatrix, 5, 0.005
viewMatrix, 6, 0.006
projectionMatrix, 5, 0.005
draw, 27974, 27.974
addParticle, 3560, 3.56
clear, 7, 0.007
update, 30254, 30.254
modelMatrix, 5, 0.005
viewMatrix, 5, 0.005
projectionMatrix, 15, 0.015
draw, 30783, 30.783
addParticle, 3269, 3.269
clear, 6, 0.006
update, 30517, 30.517
modelMatrix, 5, 0.005
viewMatrix, 5, 0.005
projectionMatrix, 4, 0.004
draw, 30954, 30.954
addParticle, 3817, 3.817
clear, 8, 0.008
update, 31805, 31.805
modelMatrix, 5, 0.005
viewMatrix, 15, 0.015
projectionMatrix, 4, 0.004
draw, 32341, 32.341
addParticle, 3271, 3.271
clear, 7, 0.007
update, 36773, 36.773
modelMatrix, 7, 0.007
viewMatrix, 7, 0.007
projectionMatrix, 6, 0.006
draw, 37390, 37.39
addParticle, 3677, 3.677
clear, 31, 0.031
update, 36714, 36.714
modelMatrix, 5, 0.005
viewMatrix, 5, 0.005
projectionMatrix, 15, 0.015
draw, 37277, 37.277
addParticle, 3420, 3.42
clear, 7, 0.007
update, 37848, 37.848
modelMatrix, 4, 0.004
viewMatrix, 5, 0.005
projectionMatrix, 4, 0.004
draw, 38345, 38.345
addParticle, 3531, 3.531
clear, 7, 0.007
update, 40299, 40.299
modelMatrix, 4, 0.004
viewMatrix, 17, 0.017
projectionMatrix, 8, 0.008
draw, 41008, 41.008
addParticle, 4871, 4.871
clear, 14, 0.014
update, 45724, 45.724
modelMatrix, 5, 0.005
viewMatrix, 16, 0.016
projectionMatrix, 5, 0.005
draw, 46327, 46.327
addParticle, 3402, 3.402
clear, 11, 0.011
update, 45524, 45.524
modelMatrix, 5, 0.005
viewMatrix, 6, 0.006
projectionMatrix, 4, 0.004
draw, 46077, 46.077
addParticle, 3743, 3.743
clear, 12, 0.012
update, 47842, 47.842
modelMatrix, 5, 0.005
viewMatrix, 5, 0.005
projectionMatrix, 4, 0.004
draw, 48345, 48.345
addParticle, 3657, 3.657
clear, 9, 0.009
update, 47150, 47.15
modelMatrix, 5, 0.005
viewMatrix, 6, 0.006
projectionMatrix, 4, 0.004
draw, 47617, 47.617
addParticle, 3488, 3.488
clear, 8, 0.008
update, 50521, 50.521
modelMatrix, 5, 0.005
viewMatrix, 6, 0.006
projectionMatrix, 5, 0.005
draw, 51042, 51.042
addParticle, 3100, 3.1
clear, 11, 0.011
update, 52170, 52.17
modelMatrix, 7, 0.007
viewMatrix, 9, 0.009
projectionMatrix, 5, 0.005
draw, 52724, 52.724
addParticle, 3353, 3.353
clear, 8, 0.008
update, 54140, 54.14
modelMatrix, 5, 0.005
viewMatrix, 6, 0.006
projectionMatrix, 5, 0.005
draw, 54609, 54.609
addParticle, 3635, 3.635
clear, 25, 0.025
update, 59006, 59.006
modelMatrix, 11, 0.011
viewMatrix, 5, 0.005
projectionMatrix, 4, 0.004
draw, 59532, 59.532
addParticle, 3786, 3.786
clear, 28, 0.028
update, 62868, 62.868
modelMatrix, 7, 0.007
viewMatrix, 15, 0.015
projectionMatrix, 5, 0.005
draw, 65764, 65.764
addParticle, 3282, 3.282
clear, 8, 0.008
update, 58145, 58.145
modelMatrix, 4, 0.004
viewMatrix, 5, 0.005
projectionMatrix, 5, 0.005
draw, 58639, 58.639
addParticle, 3444, 3.444
clear, 9, 0.009
update, 62603, 62.603
modelMatrix, 5, 0.005
viewMatrix, 16, 0.016
projectionMatrix, 4, 0.004
draw, 63140, 63.14
addParticle, 3556, 3.556
clear, 8, 0.008
update, 63445, 63.445
modelMatrix, 4, 0.004
viewMatrix, 5, 0.005
projectionMatrix, 4, 0.004
draw, 64168, 64.168
addParticle, 3415, 3.415
clear, 7, 0.007
update, 68854, 68.854
modelMatrix, 5, 0.005
viewMatrix, 6, 0.006
projectionMatrix, 6, 0.006
draw, 69389, 69.389
addParticle, 3765, 3.765
clear, 9, 0.009
update, 69503, 69.503
modelMatrix, 5, 0.005
viewMatrix, 5, 0.005
projectionMatrix, 4, 0.004
draw, 70002, 70.002
addParticle, 3354, 3.354
clear, 8, 0.008
update, 76499, 76.499
modelMatrix, 6, 0.006
viewMatrix, 7, 0.007
projectionMatrix, 6, 0.006
draw, 77143, 77.143
addParticle, 3507, 3.507
clear, 23, 0.023
update, 69139, 69.139
modelMatrix, 4, 0.004
viewMatrix, 5, 0.005
projectionMatrix, 4, 0.004
draw, 69622, 69.622
addParticle, 4358, 4.358
clear, 8, 0.008
update, 70530, 70.53
modelMatrix, 5, 0.005
viewMatrix, 5, 0.005
projectionMatrix, 4, 0.004
draw, 70977, 70.977
addParticle, 3295, 3.295
clear, 8, 0.008
update, 76753, 76.753
modelMatrix, 4, 0.004
viewMatrix, 5, 0.005
projectionMatrix, 4, 0.004
draw, 77346, 77.346
addParticle, 3588, 3.588
clear, 10, 0.01
update, 76987, 76.987
modelMatrix, 5, 0.005
viewMatrix, 8, 0.008
projectionMatrix, 6, 0.006
draw, 77538, 77.538
addParticle, 3442, 3.442
clear, 7, 0.007
update, 77359, 77.359
modelMatrix, 5, 0.005
viewMatrix, 5, 0.005
projectionMatrix, 14, 0.014
draw, 77956, 77.956
addParticle, 3551, 3.551
clear, 8, 0.008
update, 83649, 83.649
modelMatrix, 7, 0.007
viewMatrix, 7, 0.007
projectionMatrix, 6, 0.006
draw, 84336, 84.336
addParticle, 3277, 3.277
clear, 8, 0.008
update, 88551, 88.551
modelMatrix, 5, 0.005
viewMatrix, 5, 0.005
projectionMatrix, 5, 0.005
draw, 89081, 89.081
addParticle, 3365, 3.365
clear, 7, 0.007
update, 91403, 91.403
modelMatrix, 5, 0.005
viewMatrix, 6, 0.006
projectionMatrix, 4, 0.004
draw, 91913, 91.913
addParticle, 4240, 4.24
clear, 8, 0.008
update, 85576, 85.576
modelMatrix, 4, 0.004
viewMatrix, 5, 0.005
projectionMatrix, 4, 0.004
draw, 86077, 86.077
addParticle, 4321, 4.321
clear, 12, 0.012
update, 84539, 84.539
modelMatrix, 4, 0.004
viewMatrix, 5, 0.005
projectionMatrix, 4, 0.004
draw, 85085, 85.085
addParticle, 3220, 3.22
clear, 8, 0.008
update, 86682, 86.682
modelMatrix, 5, 0.005
viewMatrix, 5, 0.005
projectionMatrix, 5, 0.005
draw, 87158, 87.158
addParticle, 4117, 4.117
clear, 37, 0.037
update, 88350, 88.35
modelMatrix, 5, 0.005
viewMatrix, 5, 0.005
projectionMatrix, 4, 0.004
draw, 88885, 88.885
addParticle, 3327, 3.327
clear, 24, 0.024
update, 90430, 90.43
modelMatrix, 5, 0.005
viewMatrix, 6, 0.006
projectionMatrix, 5, 0.005
draw, 90980, 90.98
addParticle, 4389, 4.389
clear, 7, 0.007
update, 96611, 96.611
modelMatrix, 4, 0.004
viewMatrix, 5, 0.005
projectionMatrix, 4, 0.004
draw, 97100, 97.1
addParticle, 4463, 4.463
clear, 8, 0.008
update, 94711, 94.711
modelMatrix, 5, 0.005
viewMatrix, 17, 0.017
projectionMatrix, 8, 0.008
draw, 96185, 96.185
addParticle, 4856, 4.856
clear, 10, 0.01
update, 94394, 94.394
modelMatrix, 5, 0.005
viewMatrix, 5, 0.005
projectionMatrix, 4, 0.004
draw, 94914, 94.914
addParticle, 3310, 3.31
clear, 9, 0.009
update, 98388, 98.388
modelMatrix, 5, 0.005
viewMatrix, 18, 0.018
projectionMatrix, 7, 0.007
draw, 99843, 99.843
addParticle, 4942, 4.942
clear, 10, 0.01
update, 103128, 103.128
modelMatrix, 6, 0.006
viewMatrix, 6, 0.006
projectionMatrix, 5, 0.005
draw, 104203, 104.203
addParticle, 4156, 4.156
clear, 12, 0.012
update, 111231, 111.231
modelMatrix, 5, 0.005
viewMatrix, 12, 0.012
projectionMatrix, 4, 0.004
draw, 112556, 112.556
addParticle, 3436, 3.436
clear, 8, 0.008
update, 102114, 102.114
modelMatrix, 4, 0.004
viewMatrix, 14, 0.014
projectionMatrix, 6, 0.006
draw, 103420, 103.42
addParticle, 3455, 3.455
clear, 8, 0.008
update, 105916, 105.916
modelMatrix, 4, 0.004
viewMatrix, 17, 0.017
projectionMatrix, 8, 0.008
draw, 107392, 107.392
addParticle, 5021, 5.021
clear, 10, 0.01
update, 109780, 109.78
modelMatrix, 5, 0.005
viewMatrix, 6, 0.006
projectionMatrix, 4, 0.004
draw, 110713, 110.713
addParticle, 3728, 3.728
clear, 8, 0.008
update, 121281, 121.281
modelMatrix, 5, 0.005
viewMatrix, 13, 0.013
projectionMatrix, 5, 0.005
draw, 122477, 122.477
addParticle, 4224, 4.224
clear, 9, 0.009
update, 109483, 109.483
modelMatrix, 5, 0.005
viewMatrix, 34, 0.034
projectionMatrix, 5, 0.005
draw, 110884, 110.884
addParticle, 4652, 4.652
clear, 10, 0.01
update, 117229, 117.229
modelMatrix, 5, 0.005
viewMatrix, 13, 0.013
projectionMatrix, 5, 0.005
draw, 118472, 118.472
addParticle, 4108, 4.108
clear, 8, 0.008
update, 120258, 120.258
modelMatrix, 5, 0.005
viewMatrix, 7, 0.007
projectionMatrix, 4, 0.004
draw, 121226, 121.226
addParticle, 4158, 4.158
clear, 7, 0.007
update, 118972, 118.972
modelMatrix, 4, 0.004
viewMatrix, 6, 0.006
projectionMatrix, 5, 0.005
draw, 119987, 119.987
addParticle, 4048, 4.048
clear, 21, 0.021
update, 121070, 121.07
modelMatrix, 4, 0.004
viewMatrix, 5, 0.005
projectionMatrix, 4, 0.004
draw, 121650, 121.65
addParticle, 3475, 3.475
clear, 9, 0.009
update, 119443, 119.443
modelMatrix, 4, 0.004
viewMatrix, 12, 0.012
projectionMatrix, 4, 0.004
draw, 120638, 120.638
addParticle, 4209, 4.209
clear, 8, 0.008
update, 120872, 120.872
modelMatrix, 4, 0.004
viewMatrix, 6, 0.006
projectionMatrix, 8, 0.008
draw, 122138, 122.138
addParticle, 4544, 4.544
clear, 8, 0.008
update, 129077, 129.077
modelMatrix, 6, 0.006
viewMatrix, 6, 0.006
projectionMatrix, 4, 0.004
draw, 130035, 130.035
addParticle, 4274, 4.274
clear, 8, 0.008
update, 125057, 125.057
modelMatrix, 5, 0.005
viewMatrix, 16, 0.016
projectionMatrix, 5, 0.005
draw, 126408, 126.408
addParticle, 4154, 4.154
clear, 9, 0.009
update, 126586, 126.586
modelMatrix, 5, 0.005
viewMatrix, 14, 0.014
projectionMatrix, 5, 0.005
draw, 127866, 127.866
addParticle, 4697, 4.697
clear, 9, 0.009
update, 131771, 131.771
modelMatrix, 5, 0.005
viewMatrix, 12, 0.012
projectionMatrix, 5, 0.005
draw, 132846, 132.846
addParticle, 5590, 5.59
clear, 24, 0.024
update, 129967, 129.967
modelMatrix, 4, 0.004
viewMatrix, 14, 0.014
projectionMatrix, 5, 0.005
draw, 131230, 131.23
addParticle, 5096, 5.096
clear, 9, 0.009
update, 131369, 131.369
modelMatrix, 4, 0.004
viewMatrix, 14, 0.014
projectionMatrix, 5, 0.005
draw, 132669, 132.669
addParticle, 4144, 4.144
clear, 9, 0.009
update, 133925, 133.925
modelMatrix, 5, 0.005
viewMatrix, 17, 0.017
projectionMatrix, 7, 0.007
draw, 135409, 135.409
addParticle, 5148, 5.148
clear, 16, 0.016
update, 142400, 142.4
modelMatrix, 5, 0.005
viewMatrix, 13, 0.013
projectionMatrix, 5, 0.005
draw, 143647, 143.647
addParticle, 4772, 4.772
clear, 8, 0.008
update, 137674, 137.674
modelMatrix, 5, 0.005
viewMatrix, 14, 0.014
projectionMatrix, 5, 0.005
draw, 139057, 139.057
addParticle, 5756, 5.756
clear, 16, 0.016
update, 148474, 148.474
modelMatrix, 6, 0.006
viewMatrix, 17, 0.017
projectionMatrix, 8, 0.008
draw, 149945, 149.945
addParticle, 4702, 4.702
clear, 21, 0.021
update, 146545, 146.545
modelMatrix, 4, 0.004
viewMatrix, 13, 0.013
projectionMatrix, 5, 0.005
draw, 147771, 147.771
addParticle, 4541, 4.541
clear, 8, 0.008
update, 143259, 143.259
modelMatrix, 4, 0.004
viewMatrix, 14, 0.014
projectionMatrix, 6, 0.006
draw, 144666, 144.666
addParticle, 5364, 5.364
clear, 18, 0.018
update, 144143, 144.143
modelMatrix, 4, 0.004
viewMatrix, 13, 0.013
projectionMatrix, 5, 0.005
draw, 145432, 145.432
addParticle, 4365, 4.365
clear, 8, 0.008
update, 164751, 164.751
modelMatrix, 5, 0.005
viewMatrix, 13, 0.013
projectionMatrix, 5, 0.005
draw, 166040, 166.04
addParticle, 4829, 4.829
clear, 20, 0.02
update, 150865, 150.865
modelMatrix, 5, 0.005
viewMatrix, 14, 0.014
projectionMatrix, 5, 0.005
draw, 152116, 152.116
addParticle, 4679, 4.679
clear, 9, 0.009
update, 149376, 149.376
modelMatrix, 5, 0.005
viewMatrix, 13, 0.013
projectionMatrix, 5, 0.005
draw, 150657, 150.657
addParticle, 4860, 4.86
clear, 9, 0.009
update, 166408, 166.408
modelMatrix, 5, 0.005
viewMatrix, 13, 0.013
projectionMatrix, 4, 0.004
draw, 167770, 167.77
addParticle, 5818, 5.818
clear, 16, 0.016
update, 154136, 154.136
modelMatrix, 4, 0.004
viewMatrix, 15, 0.015
projectionMatrix, 5, 0.005
draw, 155455, 155.455
addParticle, 4780, 4.78
clear, 9, 0.009
update, 157874, 157.874
modelMatrix, 5, 0.005
viewMatrix, 15, 0.015
projectionMatrix, 6, 0.006
draw, 159160, 159.16
addParticle, 5557, 5.557
clear, 21, 0.021
update, 160700, 160.7
modelMatrix, 5, 0.005
viewMatrix, 12, 0.012
projectionMatrix, 5, 0.005
draw, 161988, 161.988
addParticle, 4989, 4.989
clear, 13, 0.013
update, 165996, 165.996
modelMatrix, 5, 0.005
viewMatrix, 13, 0.013
projectionMatrix, 5, 0.005
draw, 167248, 167.248
addParticle, 4847, 4.847
clear, 18, 0.018
update, 164074, 164.074
modelMatrix, 5, 0.005
viewMatrix, 17, 0.017
projectionMatrix, 8, 0.008
draw, 165496, 165.496
addParticle, 5084, 5.084
clear, 19, 0.019
update, 169847, 169.847
modelMatrix, 5, 0.005
viewMatrix, 7, 0.007
projectionMatrix, 5, 0.005
draw, 170885, 170.885
addParticle, 5320, 5.32
clear, 11, 0.011
update, 164329, 164.329
modelMatrix, 5, 0.005
viewMatrix, 16, 0.016
projectionMatrix, 6, 0.006
draw, 165637, 165.637
addParticle, 5936, 5.936
clear, 25, 0.025
update, 171830, 171.83
modelMatrix, 4, 0.004
viewMatrix, 34, 0.034
projectionMatrix, 5, 0.005
draw, 173133, 173.133
addParticle, 5431, 5.431
clear, 20, 0.02
update, 186552, 186.552
modelMatrix, 5, 0.005
viewMatrix, 34, 0.034
projectionMatrix, 8, 0.008
draw, 188037, 188.037
addParticle, 5899, 5.899
clear, 9, 0.009
update, 169520, 169.52
modelMatrix, 4, 0.004
viewMatrix, 14, 0.014
projectionMatrix, 5, 0.005
draw, 170838, 170.838
addParticle, 4877, 4.877
clear, 19, 0.019
update, 181926, 181.926
modelMatrix, 5, 0.005
viewMatrix, 7, 0.007
projectionMatrix, 5, 0.005
draw, 182980, 182.98
addParticle, 6470, 6.47
clear, 21, 0.021
update, 179897, 179.897
modelMatrix, 4, 0.004
viewMatrix, 15, 0.015
projectionMatrix, 6, 0.006
draw, 181147, 181.147
addParticle, 5977, 5.977
clear, 17, 0.017
update, 186624, 186.624
modelMatrix, 6, 0.006
viewMatrix, 14, 0.014
projectionMatrix, 4, 0.004
draw, 187832, 187.832
addParticle, 5002, 5.002
clear, 9, 0.009
update, 188226, 188.226
modelMatrix, 5, 0.005
viewMatrix, 5, 0.005
projectionMatrix, 4, 0.004
draw, 188725, 188.725
addParticle, 5920, 5.92
clear, 27, 0.027
update, 180307, 180.307
modelMatrix, 5, 0.005
viewMatrix, 13, 0.013
projectionMatrix, 5, 0.005
draw, 181515, 181.515
addParticle, 4990, 4.99
clear, 9, 0.009
update, 185357, 185.357
modelMatrix, 5, 0.005
viewMatrix, 13, 0.013
projectionMatrix, 4, 0.004
draw, 186568, 186.568
addParticle, 5297, 5.297
clear, 9, 0.009
update, 186261, 186.261
modelMatrix, 5, 0.005
viewMatrix, 34, 0.034
projectionMatrix, 8, 0.008
draw, 187722, 187.722
addParticle, 5380, 5.38
clear, 29, 0.029
update, 193661, 193.661
modelMatrix, 4, 0.004
viewMatrix, 15, 0.015
projectionMatrix, 6, 0.006
draw, 194950, 194.95
addParticle, 1758, 1.758
clear, 19, 0.019
update, 187910, 187.91
modelMatrix, 6, 0.006
viewMatrix, 15, 0.015
projectionMatrix, 4, 0.004
draw, 189067, 189.067
addParticle, 2090, 2.09
clear, 9, 0.009
update, 184596, 184.596
modelMatrix, 4, 0.004
viewMatrix, 14, 0.014
projectionMatrix, 5, 0.005
draw, 185926, 185.926
clear, 15, 0.015
update, 194538, 194.538
modelMatrix, 5, 0.005
viewMatrix, 14, 0.014
projectionMatrix, 5, 0.005
draw, 195825, 195.825
clear, 11, 0.011
update, 191180, 191.18
modelMatrix, 5, 0.005
viewMatrix, 14, 0.014
projectionMatrix, 6, 0.006
draw, 192459, 192.459
clear, 17, 0.017
update, 187806, 187.806
modelMatrix, 5, 0.005
viewMatrix, 17, 0.017
projectionMatrix, 8, 0.008
draw, 189287, 189.287
clear, 19, 0.019
update, 210527, 210.527
modelMatrix, 4, 0.004
viewMatrix, 14, 0.014
projectionMatrix, 6, 0.006
draw, 211805, 211.805
clear, 18, 0.018
update, 190158, 190.158
modelMatrix, 4, 0.004
viewMatrix, 13, 0.013
projectionMatrix, 5, 0.005
draw, 191462, 191.462
clear, 14, 0.014
update, 186730, 186.73
modelMatrix, 5, 0.005
viewMatrix, 14, 0.014
projectionMatrix, 6, 0.006
draw, 188034, 188.034
clear, 19, 0.019
update, 197817, 197.817
modelMatrix, 5, 0.005
viewMatrix, 17, 0.017
projectionMatrix, 7, 0.007
draw, 199290, 199.29
clear, 20, 0.02
update, 185653, 185.653
modelMatrix, 4, 0.004
viewMatrix, 12, 0.012
projectionMatrix, 5, 0.005
draw, 186870, 186.87
clear, 17, 0.017
update, 191547, 191.547
modelMatrix, 9, 0.009
viewMatrix, 34, 0.034
projectionMatrix, 6, 0.006
draw, 194705, 194.705
clear, 21, 0.021
update, 193586, 193.586
modelMatrix, 5, 0.005
viewMatrix, 5, 0.005
projectionMatrix, 4, 0.004
draw, 194211, 194.211
clear, 14, 0.014
update, 185024, 185.024
modelMatrix, 4, 0.004
viewMatrix, 13, 0.013
projectionMatrix, 5, 0.005
draw, 186334, 186.334
clear, 18, 0.018
update, 199041, 199.041
modelMatrix, 4, 0.004
viewMatrix, 15, 0.015
projectionMatrix, 6, 0.006
draw, 200349, 200.349
clear, 17, 0.017
update, 186698, 186.698
modelMatrix, 5, 0.005
viewMatrix, 12, 0.012
projectionMatrix, 4, 0.004
draw, 187934, 187.934
clear, 19, 0.019
update, 212719, 212.719
modelMatrix, 5, 0.005
viewMatrix, 15, 0.015
projectionMatrix, 6, 0.006
draw, 214000, 214
clear, 13, 0.013
update, 191875, 191.875
modelMatrix, 4, 0.004
viewMatrix, 18, 0.018
projectionMatrix, 8, 0.008
draw, 193378, 193.378
clear, 27, 0.027
update, 195154, 195.154
modelMatrix, 5, 0.005
viewMatrix, 14, 0.014
projectionMatrix, 5, 0.005
draw, 196380, 196.38
clear, 11, 0.011
update, 192390, 192.39
modelMatrix, 4, 0.004
viewMatrix, 16, 0.016
projectionMatrix, 8, 0.008
draw, 193829, 193.829
clear, 18, 0.018
update, 190707, 190.707
modelMatrix, 5, 0.005
viewMatrix, 14, 0.014
projectionMatrix, 6, 0.006
draw, 191989, 191.989
clear, 18, 0.018
update, 209408, 209.408
modelMatrix, 5, 0.005
viewMatrix, 4, 0.004
projectionMatrix, 4, 0.004
draw, 210029, 210.029
clear, 18, 0.018
update, 205052, 205.052
modelMatrix, 6, 0.006
viewMatrix, 7, 0.007
projectionMatrix, 5, 0.005
draw, 206261, 206.261
clear, 17, 0.017
update, 188032, 188.032
modelMatrix, 5, 0.005
viewMatrix, 33, 0.033
projectionMatrix, 4, 0.004
draw, 189354, 189.354
clear, 17, 0.017
update, 190291, 190.291
modelMatrix, 15, 0.015
viewMatrix, 5, 0.005
projectionMatrix, 4, 0.004
draw, 191301, 191.301
clear, 13, 0.013
update, 194455, 194.455
modelMatrix, 5, 0.005
viewMatrix, 34, 0.034
projectionMatrix, 8, 0.008
draw, 195930, 195.93
clear, 13, 0.013
update, 193843, 193.843
modelMatrix, 6, 0.006
viewMatrix, 15, 0.015
projectionMatrix, 5, 0.005
draw, 195134, 195.134
clear, 18, 0.018
update, 199682, 199.682
modelMatrix, 5, 0.005
viewMatrix, 18, 0.018
projectionMatrix, 7, 0.007
draw, 201127, 201.127
clear, 21, 0.021
update, 215236, 215.236
modelMatrix, 6, 0.006
viewMatrix, 18, 0.018
projectionMatrix, 4, 0.004
draw, 216410, 216.41
clear, 12, 0.012
update, 192142, 192.142
modelMatrix, 4, 0.004
viewMatrix, 13, 0.013
projectionMatrix, 4, 0.004
draw, 193401, 193.401
clear, 15, 0.015
update, 186914, 186.914
modelMatrix, 5, 0.005
viewMatrix, 13, 0.013
projectionMatrix, 5, 0.005
draw, 188151, 188.151
clear, 18, 0.018
update, 190315, 190.315
modelMatrix, 5, 0.005
viewMatrix, 17, 0.017
projectionMatrix, 8, 0.008
draw, 191784, 191.784
clear, 17, 0.017
update, 190372, 190.372
modelMatrix, 5, 0.005
viewMatrix, 14, 0.014
projectionMatrix, 6, 0.006
draw, 191616, 191.616
clear, 16, 0.016
update, 186247, 186.247
modelMatrix, 5, 0.005
viewMatrix, 16, 0.016
projectionMatrix, 8, 0.008
draw, 187683, 187.683
clear, 19, 0.019
update, 199875, 199.875
modelMatrix, 5, 0.005
viewMatrix, 13, 0.013
projectionMatrix, 4, 0.004
draw, 201070, 201.07
clear, 17, 0.017
update, 218126, 218.126
modelMatrix, 6, 0.006
viewMatrix, 20, 0.02
projectionMatrix, 5, 0.005
draw, 219433, 219.433
clear, 16, 0.016
update, 211651, 211.651
modelMatrix, 4, 0.004
viewMatrix, 15, 0.015
projectionMatrix, 6, 0.006
draw, 212948, 212.948
clear, 19, 0.019
update, 190128, 190.128
modelMatrix, 5, 0.005
viewMatrix, 34, 0.034
projectionMatrix, 7, 0.007
draw, 191601, 191.601
clear, 18, 0.018
update, 188014, 188.014
modelMatrix, 4, 0.004
viewMatrix, 34, 0.034
projectionMatrix, 7, 0.007
draw, 189476, 189.476
clear, 18, 0.018
update, 191685, 191.685
modelMatrix, 4, 0.004
viewMatrix, 13, 0.013
projectionMatrix, 5, 0.005
draw, 192917, 192.917
clear, 10, 0.01
update, 189366, 189.366
modelMatrix, 5, 0.005
viewMatrix, 15, 0.015
projectionMatrix, 6, 0.006
draw, 190486, 190.486
clear, 16, 0.016
update, 203077, 203.077
modelMatrix, 6, 0.006
viewMatrix, 15, 0.015
projectionMatrix, 6, 0.006
draw, 204382, 204.382
clear, 17, 0.017
update, 200649, 200.649
modelMatrix, 5, 0.005
viewMatrix, 13, 0.013
projectionMatrix, 5, 0.005
draw, 201942, 201.942
clear, 18, 0.018
update, 186099, 186.099
modelMatrix, 4, 0.004
viewMatrix, 27, 0.027
projectionMatrix, 4, 0.004
draw, 187286, 187.286
clear, 19, 0.019
update, 190645, 190.645
modelMatrix, 4, 0.004
viewMatrix, 14, 0.014
projectionMatrix, 6, 0.006
draw, 191949, 191.949
clear, 18, 0.018
update, 188960, 188.96
modelMatrix, 4, 0.004
viewMatrix, 14, 0.014
projectionMatrix, 5, 0.005
draw, 190253, 190.253
clear, 17, 0.017
update, 196055, 196.055
modelMatrix, 5, 0.005
viewMatrix, 15, 0.015
projectionMatrix, 6, 0.006
draw, 197331, 197.331
clear, 38, 0.038
update, 195446, 195.446
modelMatrix, 5, 0.005
viewMatrix, 5, 0.005
projectionMatrix, 4, 0.004
draw, 196616, 196.616
clear, 18, 0.018
update, 185123, 185.123
modelMatrix, 4, 0.004
viewMatrix, 13, 0.013
projectionMatrix, 5, 0.005
draw, 186256, 186.256
clear, 20, 0.02
update, 203945, 203.945
modelMatrix, 6, 0.006
viewMatrix, 14, 0.014
projectionMatrix, 5, 0.005
draw, 205270, 205.27
clear, 22, 0.022
update, 187010, 187.01
modelMatrix, 5, 0.005
viewMatrix, 33, 0.033
projectionMatrix, 8, 0.008
draw, 188471, 188.471
clear, 25, 0.025
update, 187838, 187.838
modelMatrix, 5, 0.005
viewMatrix, 13, 0.013
projectionMatrix, 4, 0.004
draw, 189050, 189.05
clear, 22, 0.022
update, 202815, 202.815
modelMatrix, 6, 0.006
viewMatrix, 13, 0.013
projectionMatrix, 5, 0.005
draw, 204052, 204.052
clear, 8, 0.008
update, 186834, 186.834
modelMatrix, 5, 0.005
viewMatrix, 16, 0.016
projectionMatrix, 8, 0.008
draw, 187912, 187.912
clear, 21, 0.021
update, 190925, 190.925
modelMatrix, 4, 0.004
viewMatrix, 15, 0.015
projectionMatrix, 6, 0.006
draw, 192286, 192.286
clear, 19, 0.019
update, 187173, 187.173
modelMatrix, 4, 0.004
viewMatrix, 13, 0.013
projectionMatrix, 5, 0.005
draw, 188432, 188.432
clear, 15, 0.015
update, 188208, 188.208
modelMatrix, 4, 0.004
viewMatrix, 19, 0.019
projectionMatrix, 4, 0.004
draw, 189419, 189.419
clear, 23, 0.023
update, 197298, 197.298
modelMatrix, 5, 0.005
viewMatrix, 14, 0.014
projectionMatrix, 5, 0.005
draw, 198594, 198.594
clear, 17, 0.017
update, 188110, 188.11
modelMatrix, 4, 0.004
viewMatrix, 13, 0.013
projectionMatrix, 5, 0.005
draw, 189384, 189.384
clear, 17, 0.017
update, 192157, 192.157
modelMatrix, 5, 0.005
viewMatrix, 14, 0.014
projectionMatrix, 5, 0.005
draw, 193374, 193.374
clear, 15, 0.015
update, 188998, 188.998
modelMatrix, 5, 0.005
viewMatrix, 13, 0.013
projectionMatrix, 4, 0.004
draw, 190236, 190.236
clear, 18, 0.018
update, 216264, 216.264
modelMatrix, 5, 0.005
viewMatrix, 6, 0.006
projectionMatrix, 4, 0.004
draw, 216770, 216.77
clear, 16, 0.016
update, 200516, 200.516
modelMatrix, 5, 0.005
viewMatrix, 35, 0.035
projectionMatrix, 8, 0.008
draw, 201962, 201.962
clear, 19, 0.019
update, 187702, 187.702
modelMatrix, 5, 0.005
viewMatrix, 13, 0.013
projectionMatrix, 5, 0.005
draw, 188990, 188.99
clear, 26, 0.026
update, 190089, 190.089
modelMatrix, 5, 0.005
viewMatrix, 18, 0.018
projectionMatrix, 7, 0.007
draw, 191550, 191.55
clear, 15, 0.015
update, 189039, 189.039
modelMatrix, 5, 0.005
viewMatrix, 16, 0.016
projectionMatrix, 7, 0.007
draw, 190525, 190.525
clear, 22, 0.022
update, 189684, 189.684
modelMatrix, 5, 0.005
viewMatrix, 12, 0.012
projectionMatrix, 5, 0.005
draw, 190911, 190.911
clear, 17, 0.017
update, 198749, 198.749
modelMatrix, 6, 0.006
viewMatrix, 13, 0.013
projectionMatrix, 4, 0.004
draw, 200052, 200.052
clear, 17, 0.017
update, 185667, 185.667
modelMatrix, 4, 0.004
viewMatrix, 15, 0.015
projectionMatrix, 6, 0.006
draw, 186960, 186.96
