Renderer, 35, 0.035
init, 49273, 49.273
clear, 23, 0.023
update, 41645, 41.645
modelMatrix, 23, 0.023
viewMatrix, 11, 0.011
projectionMatrix, 7, 0.007
draw, 44399, 44.399
clear, 37, 0.037
update, 2401, 2.401
modelMatrix, 4, 0.004
viewMatrix, 5, 0.005
projectionMatrix, 6, 0.006
draw, 2913, 2.913
clear, 18, 0.018
update, 2279, 2.279
modelMatrix, 4, 0.004
viewMatrix, 5, 0.005
projectionMatrix, 4, 0.004
draw, 2655, 2.655
clear, 11, 0.011
update, 1350, 1.35
modelMatrix, 3, 0.003
viewMatrix, 5, 0.005
projectionMatrix, 8, 0.008
draw, 1822, 1.822
clear, 13, 0.013
update, 1073, 1.073
modelMatrix, 3, 0.003
viewMatrix, 5, 0.005
projectionMatrix, 4, 0.004
draw, 1481, 1.481
clear, 9, 0.009
update, 2147, 2.147
modelMatrix, 3, 0.003
viewMatrix, 5, 0.005
projectionMatrix, 4, 0.004
draw, 2564, 2.564
clear, 24, 0.024
update, 9510, 9.51
modelMatrix, 6, 0.006
viewMatrix, 8, 0.008
projectionMatrix, 6, 0.006
draw, 10163, 10.163
clear, 13, 0.013
update, 2669, 2.669
modelMatrix, 9, 0.009
viewMatrix, 11, 0.011
projectionMatrix, 8, 0.008
draw, 3580, 3.58
clear, 9, 0.009
update, 1008, 1.008
modelMatrix, 4, 0.004
viewMatrix, 5, 0.005
projectionMatrix, 4, 0.004
draw, 1438, 1.438
clear, 9, 0.009
update, 2070, 2.07
modelMatrix, 4, 0.004
viewMatrix, 5, 0.005
projectionMatrix, 5, 0.005
draw, 2576, 2.576
clear, 23, 0.023
update, 7735, 7.735
modelMatrix, 10, 0.01
viewMatrix, 12, 0.012
projectionMatrix, 6, 0.006
draw, 8442, 8.442
clear, 17, 0.017
update, 12395, 12.395
modelMatrix, 5, 0.005
viewMatrix, 8, 0.008
projectionMatrix, 5, 0.005
draw, 13011, 13.011
clear, 11, 0.011
update, 39160, 39.16
modelMatrix, 11, 0.011
viewMatrix, 25, 0.025
projectionMatrix, 21, 0.021
draw, 40129, 40.129
clear, 17, 0.017
update, 22961, 22.961
modelMatrix, 10, 0.01
viewMatrix, 6, 0.006
projectionMatrix, 4, 0.004
draw, 23520, 23.52
clear, 14, 0.014
update, 26830, 26.83
modelMatrix, 11, 0.011
viewMatrix, 26, 0.026
projectionMatrix, 18, 0.018
draw, 27820, 27.82
clear, 19, 0.019
update, 30597, 30.597
modelMatrix, 5, 0.005
viewMatrix, 7, 0.007
projectionMatrix, 9, 0.009
draw, 31545, 31.545
clear, 22, 0.022
update, 11241, 11.241
modelMatrix, 5, 0.005
viewMatrix, 12, 0.012
projectionMatrix, 6, 0.006
draw, 12028, 12.028
clear, 16, 0.016
update, 1518, 1.518
modelMatrix, 4, 0.004
viewMatrix, 5, 0.005
projectionMatrix, 4, 0.004
draw, 1925, 1.925
addParticle, 3573, 3.573
clear, 14, 0.014
update, 2489, 2.489
modelMatrix, 4, 0.004
viewMatrix, 6, 0.006
projectionMatrix, 4, 0.004
draw, 2936, 2.936
addParticle, 3197, 3.197
clear, 7, 0.007
update, 1170, 1.17
modelMatrix, 5, 0.005
viewMatrix, 6, 0.006
projectionMatrix, 4, 0.004
draw, 1667, 1.667
addParticle, 3325, 3.325
clear, 7, 0.007
update, 1101, 1.101
modelMatrix, 10, 0.01
viewMatrix, 5, 0.005
projectionMatrix, 4, 0.004
draw, 1583, 1.583
addParticle, 3234, 3.234
clear, 7, 0.007
update, 1553, 1.553
modelMatrix, 4, 0.004
viewMatrix, 10, 0.01
projectionMatrix, 9, 0.009
draw, 2286, 2.286
addParticle, 3551, 3.551
clear, 7, 0.007
update, 887, 0.887
modelMatrix, 3, 0.003
viewMatrix, 5, 0.005
projectionMatrix, 4, 0.004
draw, 1268, 1.268
addParticle, 3431, 3.431
clear, 7, 0.007
update, 901, 0.901
modelMatrix, 3, 0.003
viewMatrix, 5, 0.005
projectionMatrix, 4, 0.004
draw, 1286, 1.286
addParticle, 3349, 3.349
clear, 12, 0.012
update, 992, 0.992
modelMatrix, 3, 0.003
viewMatrix, 6, 0.006
projectionMatrix, 4, 0.004
draw, 1393, 1.393
addParticle, 3403, 3.403
clear, 7, 0.007
update, 1057, 1.057
modelMatrix, 4, 0.004
viewMatrix, 5, 0.005
projectionMatrix, 5, 0.005
draw, 1482, 1.482
addParticle, 3475, 3.475
clear, 48, 0.048
update, 2381, 2.381
modelMatrix, 3, 0.003
viewMatrix, 5, 0.005
projectionMatrix, 4, 0.004
draw, 2806, 2.806
addParticle, 3611, 3.611
clear, 7, 0.007
update, 1047, 1.047
modelMatrix, 3, 0.003
viewMatrix, 5, 0.005
projectionMatrix, 5, 0.005
draw, 1586, 1.586
addParticle, 3523, 3.523
clear, 7, 0.007
update, 1063, 1.063
modelMatrix, 4, 0.004
viewMatrix, 6, 0.006
projectionMatrix, 4, 0.004
draw, 1459, 1.459
addParticle, 3306, 3.306
clear, 7, 0.007
update, 1094, 1.094
modelMatrix, 3, 0.003
viewMatrix, 4, 0.004
projectionMatrix, 6, 0.006
draw, 1546, 1.546
addParticle, 3325, 3.325
clear, 8, 0.008
update, 1168, 1.168
modelMatrix, 4, 0.004
viewMatrix, 6, 0.006
projectionMatrix, 5, 0.005
draw, 1595, 1.595
addParticle, 3421, 3.421
clear, 7, 0.007
update, 1173, 1.173
modelMatrix, 4, 0.004
viewMatrix, 6, 0.006
projectionMatrix, 5, 0.005
draw, 1634, 1.634
addParticle, 6364, 6.364
clear, 83, 0.083
update, 3201, 3.201
modelMatrix, 4, 0.004
viewMatrix, 5, 0.005
projectionMatrix, 4, 0.004
draw, 3599, 3.599
addParticle, 3388, 3.388
clear, 7, 0.007
update, 1197, 1.197
modelMatrix, 3, 0.003
viewMatrix, 5, 0.005
projectionMatrix, 5, 0.005
draw, 1682, 1.682
addParticle, 4586, 4.586
clear, 7, 0.007
update, 1333, 1.333
modelMatrix, 5, 0.005
viewMatrix, 7, 0.007
projectionMatrix, 6, 0.006
draw, 1879, 1.879
addParticle, 3817, 3.817
clear, 7, 0.007
update, 1230, 1.23
modelMatrix, 4, 0.004
viewMatrix, 5, 0.005
projectionMatrix, 4, 0.004
draw, 1665, 1.665
addParticle, 5721, 5.721
clear, 7, 0.007
update, 1341, 1.341
modelMatrix, 4, 0.004
viewMatrix, 7, 0.007
projectionMatrix, 6, 0.006
draw, 1908, 1.908
addParticle, 3758, 3.758
clear, 8, 0.008
update, 1304, 1.304
modelMatrix, 5, 0.005
viewMatrix, 6, 0.006
projectionMatrix, 6, 0.006
draw, 1822, 1.822
addParticle, 6700, 6.7
clear, 22, 0.022
update, 3114, 3.114
modelMatrix, 4, 0.004
viewMatrix, 5, 0.005
projectionMatrix, 5, 0.005
draw, 3593, 3.593
addParticle, 3130, 3.13
clear, 7, 0.007
update, 1834, 1.834
modelMatrix, 4, 0.004
viewMatrix, 6, 0.006
projectionMatrix, 5, 0.005
draw, 2276, 2.276
addParticle, 5524, 5.524
clear, 8, 0.008
update, 1301, 1.301
modelMatrix, 4, 0.004
viewMatrix, 5, 0.005
projectionMatrix, 5, 0.005
draw, 1845, 1.845
addParticle, 3316, 3.316
clear, 11, 0.011
update, 3340, 3.34
modelMatrix, 5, 0.005
viewMatrix, 7, 0.007
projectionMatrix, 4, 0.004
draw, 4099, 4.099
addParticle, 6228, 6.228
clear, 7, 0.007
update, 1297, 1.297
modelMatrix, 4, 0.004
viewMatrix, 5, 0.005
projectionMatrix, 5, 0.005
draw, 1735, 1.735
addParticle, 3563, 3.563
clear, 26, 0.026
update, 3243, 3.243
modelMatrix, 5, 0.005
viewMatrix, 5, 0.005
projectionMatrix, 5, 0.005
draw, 3710, 3.71
addParticle, 7426, 7.426
clear, 8, 0.008
update, 1283, 1.283
modelMatrix, 4, 0.004
viewMatrix, 6, 0.006
projectionMatrix, 4, 0.004
draw, 1704, 1.704
addParticle, 3561, 3.561
clear, 7, 0.007
update, 2270, 2.27
modelMatrix, 4, 0.004
viewMatrix, 5, 0.005
projectionMatrix, 4, 0.004
draw, 2692, 2.692
addParticle, 7944, 7.944
clear, 9, 0.009
update, 1335, 1.335
modelMatrix, 4, 0.004
viewMatrix, 7, 0.007
projectionMatrix, 6, 0.006
draw, 1918, 1.918
addParticle, 3682, 3.682
clear, 8, 0.008
update, 1362, 1.362
modelMatrix, 5, 0.005
viewMatrix, 5, 0.005
projectionMatrix, 4, 0.004
draw, 1865, 1.865
addParticle, 9520, 9.52
clear, 10, 0.01
update, 1370, 1.37
modelMatrix, 4, 0.004
viewMatrix, 7, 0.007
projectionMatrix, 6, 0.006
draw, 1933, 1.933
addParticle, 4108, 4.108
clear, 8, 0.008
update, 1546, 1.546
modelMatrix, 3, 0.003
viewMatrix, 5, 0.005
projectionMatrix, 5, 0.005
draw, 1964, 1.964
addParticle, 11135, 11.135
clear, 9, 0.009
update, 1383, 1.383
modelMatrix, 4, 0.004
viewMatrix, 7, 0.007
projectionMatrix, 5, 0.005
draw, 1959, 1.959
addParticle, 3976, 3.976
clear, 9, 0.009
update, 1575, 1.575
modelMatrix, 3, 0.003
viewMatrix, 6, 0.006
projectionMatrix, 4, 0.004
draw, 2021, 2.021
addParticle, 8312, 8.312
clear, 7, 0.007
update, 1390, 1.39
modelMatrix, 5, 0.005
viewMatrix, 7, 0.007
projectionMatrix, 6, 0.006
draw, 1975, 1.975
addParticle, 4360, 4.36
clear, 7, 0.007
update, 1841, 1.841
modelMatrix, 12, 0.012
viewMatrix, 10, 0.01
projectionMatrix, 6, 0.006
draw, 2620, 2.62
addParticle, 12420, 12.42
clear, 26, 0.026
update, 2927, 2.927
modelMatrix, 5, 0.005
viewMatrix, 7, 0.007
projectionMatrix, 6, 0.006
draw, 3517, 3.517
addParticle, 3892, 3.892
clear, 11, 0.011
update, 3014, 3.014
modelMatrix, 3, 0.003
viewMatrix, 6, 0.006
projectionMatrix, 4, 0.004
draw, 3494, 3.494
addParticle, 9293, 9.293
clear, 17, 0.017
update, 1473, 1.473
modelMatrix, 4, 0.004
viewMatrix, 5, 0.005
projectionMatrix, 5, 0.005
draw, 1941, 1.941
addParticle, 3556, 3.556
clear, 16, 0.016
update, 3754, 3.754
modelMatrix, 4, 0.004
viewMatrix, 7, 0.007
projectionMatrix, 5, 0.005
draw, 4358, 4.358
addParticle, 7932, 7.932
clear, 18, 0.018
update, 1491, 1.491
modelMatrix, 5, 0.005
viewMatrix, 7, 0.007
projectionMatrix, 5, 0.005
draw, 2047, 2.047
addParticle, 3549, 3.549
clear, 22, 0.022
update, 3212, 3.212
modelMatrix, 4, 0.004
viewMatrix, 6, 0.006
projectionMatrix, 6, 0.006
draw, 3779, 3.779
addParticle, 10685, 10.685
clear, 18, 0.018
update, 1545, 1.545
modelMatrix, 4, 0.004
viewMatrix, 7, 0.007
projectionMatrix, 6, 0.006
draw, 2101, 2.101
addParticle, 3865, 3.865
clear, 7, 0.007
update, 6944, 6.944
modelMatrix, 6, 0.006
viewMatrix, 9, 0.009
projectionMatrix, 7, 0.007
draw, 7715, 7.715
addParticle, 12114, 12.114
clear, 19, 0.019
update, 1706, 1.706
modelMatrix, 5, 0.005
viewMatrix, 7, 0.007
projectionMatrix, 6, 0.006
draw, 2273, 2.273
addParticle, 4282, 4.282
clear, 8, 0.008
update, 6666, 6.666
modelMatrix, 7, 0.007
viewMatrix, 9, 0.009
projectionMatrix, 8, 0.008
draw, 7427, 7.427
addParticle, 10650, 10.65
clear, 9, 0.009
update, 1575, 1.575
modelMatrix, 4, 0.004
viewMatrix, 6, 0.006
projectionMatrix, 4, 0.004
draw, 2025, 2.025
addParticle, 3511, 3.511
clear, 7, 0.007
update, 7285, 7.285
modelMatrix, 6, 0.006
viewMatrix, 9, 0.009
projectionMatrix, 7, 0.007
draw, 8045, 8.045
addParticle, 12476, 12.476
clear, 10, 0.01
update, 1587, 1.587
modelMatrix, 4, 0.004
viewMatrix, 5, 0.005
projectionMatrix, 5, 0.005
draw, 2115, 2.115
addParticle, 3764, 3.764
clear, 11, 0.011
update, 6542, 6.542
modelMatrix, 16, 0.016
viewMatrix, 12, 0.012
projectionMatrix, 9, 0.009
draw, 7580, 7.58
addParticle, 13177, 13.177
clear, 9, 0.009
update, 1662, 1.662
modelMatrix, 5, 0.005
viewMatrix, 7, 0.007
projectionMatrix, 5, 0.005
draw, 2242, 2.242
addParticle, 4166, 4.166
clear, 8, 0.008
update, 8094, 8.094
modelMatrix, 7, 0.007
viewMatrix, 8, 0.008
projectionMatrix, 8, 0.008
draw, 8853, 8.853
addParticle, 11537, 11.537
clear, 18, 0.018
update, 1728, 1.728
modelMatrix, 12, 0.012
viewMatrix, 6, 0.006
projectionMatrix, 6, 0.006
draw, 2332, 2.332
addParticle, 4103, 4.103
clear, 8, 0.008
update, 6332, 6.332
modelMatrix, 7, 0.007
viewMatrix, 9, 0.009
projectionMatrix, 8, 0.008
draw, 7097, 7.097
addParticle, 14694, 14.694
clear, 10, 0.01
update, 1748, 1.748
modelMatrix, 11, 0.011
viewMatrix, 7, 0.007
projectionMatrix, 6, 0.006
draw, 2456, 2.456
addParticle, 4380, 4.38
clear, 7, 0.007
update, 6670, 6.67
modelMatrix, 7, 0.007
viewMatrix, 8, 0.008
projectionMatrix, 8, 0.008
draw, 7433, 7.433
addParticle, 14282, 14.282
clear, 11, 0.011
update, 2019, 2.019
modelMatrix, 11, 0.011
viewMatrix, 12, 0.012
projectionMatrix, 10, 0.01
draw, 2963, 2.963
addParticle, 3534, 3.534
clear, 7, 0.007
update, 8169, 8.169
modelMatrix, 10, 0.01
viewMatrix, 14, 0.014
projectionMatrix, 8, 0.008
draw, 9139, 9.139
addParticle, 15859, 15.859
clear, 9, 0.009
update, 1816, 1.816
modelMatrix, 5, 0.005
viewMatrix, 7, 0.007
projectionMatrix, 6, 0.006
draw, 2413, 2.413
addParticle, 4125, 4.125
clear, 8, 0.008
update, 10452, 10.452
modelMatrix, 6, 0.006
viewMatrix, 8, 0.008
projectionMatrix, 7, 0.007
draw, 11214, 11.214
addParticle, 14959, 14.959
clear, 16, 0.016
update, 1868, 1.868
modelMatrix, 5, 0.005
viewMatrix, 7, 0.007
projectionMatrix, 6, 0.006
draw, 2466, 2.466
addParticle, 3603, 3.603
clear, 7, 0.007
update, 13162, 13.162
modelMatrix, 6, 0.006
viewMatrix, 7, 0.007
projectionMatrix, 5, 0.005
draw, 13761, 13.761
addParticle, 16317, 16.317
clear, 10, 0.01
update, 1938, 1.938
modelMatrix, 4, 0.004
viewMatrix, 6, 0.006
projectionMatrix, 6, 0.006
draw, 2524, 2.524
addParticle, 4383, 4.383
clear, 8, 0.008
update, 8728, 8.728
modelMatrix, 7, 0.007
viewMatrix, 8, 0.008
projectionMatrix, 8, 0.008
draw, 9483, 9.483
addParticle, 13750, 13.75
clear, 14, 0.014
update, 3935, 3.935
modelMatrix, 11, 0.011
viewMatrix, 8, 0.008
projectionMatrix, 5, 0.005
draw, 4545, 4.545
addParticle, 3917, 3.917
clear, 6, 0.006
update, 8594, 8.594
modelMatrix, 9, 0.009
viewMatrix, 18, 0.018
projectionMatrix, 8, 0.008
draw, 9560, 9.56
addParticle, 17985, 17.985
clear, 10, 0.01
update, 1949, 1.949
modelMatrix, 12, 0.012
viewMatrix, 7, 0.007
projectionMatrix, 9, 0.009
draw, 2705, 2.705
addParticle, 4193, 4.193
clear, 8, 0.008
update, 9964, 9.964
modelMatrix, 5, 0.005
viewMatrix, 9, 0.009
projectionMatrix, 13, 0.013
draw, 11023, 11.023
addParticle, 15468, 15.468
clear, 11, 0.011
update, 2420, 2.42
modelMatrix, 5, 0.005
viewMatrix, 7, 0.007
projectionMatrix, 6, 0.006
draw, 3012, 3.012
addParticle, 3964, 3.964
clear, 8, 0.008
update, 10014, 10.014
modelMatrix, 13, 0.013
viewMatrix, 26, 0.026
projectionMatrix, 17, 0.017
draw, 11283, 11.283
addParticle, 18698, 18.698
clear, 21, 0.021
update, 2079, 2.079
modelMatrix, 8, 0.008
viewMatrix, 20, 0.02
projectionMatrix, 7, 0.007
draw, 3038, 3.038
addParticle, 4336, 4.336
clear, 7, 0.007
update, 11164, 11.164
modelMatrix, 15, 0.015
viewMatrix, 30, 0.03
projectionMatrix, 22, 0.022
draw, 12462, 12.462
addParticle, 18480, 18.48
clear, 11, 0.011
update, 2083, 2.083
modelMatrix, 13, 0.013
viewMatrix, 17, 0.017
projectionMatrix, 6, 0.006
draw, 2769, 2.769
addParticle, 3868, 3.868
clear, 17, 0.017
update, 14125, 14.125
modelMatrix, 4, 0.004
viewMatrix, 6, 0.006
projectionMatrix, 5, 0.005
draw, 14682, 14.682
addParticle, 25779, 25.779
clear, 21, 0.021
update, 2801, 2.801
modelMatrix, 17, 0.017
viewMatrix, 9, 0.009
projectionMatrix, 7, 0.007
draw, 3528, 3.528
addParticle, 3979, 3.979
clear, 8, 0.008
update, 11584, 11.584
modelMatrix, 12, 0.012
viewMatrix, 15, 0.015
projectionMatrix, 11, 0.011
draw, 12646, 12.646
addParticle, 19205, 19.205
clear, 18, 0.018
update, 2298, 2.298
modelMatrix, 4, 0.004
viewMatrix, 5, 0.005
projectionMatrix, 5, 0.005
draw, 2832, 2.832
addParticle, 3587, 3.587
clear, 7, 0.007
update, 13591, 13.591
modelMatrix, 18, 0.018
viewMatrix, 12, 0.012
projectionMatrix, 9, 0.009
draw, 14628, 14.628
addParticle, 21056, 21.056
clear, 12, 0.012
update, 2688, 2.688
modelMatrix, 14, 0.014
viewMatrix, 8, 0.008
projectionMatrix, 7, 0.007
draw, 3370, 3.37
addParticle, 4352, 4.352
clear, 8, 0.008
update, 11573, 11.573
modelMatrix, 12, 0.012
viewMatrix, 18, 0.018
projectionMatrix, 11, 0.011
draw, 12710, 12.71
addParticle, 21195, 21.195
clear, 11, 0.011
update, 2206, 2.206
modelMatrix, 15, 0.015
viewMatrix, 8, 0.008
projectionMatrix, 7, 0.007
draw, 2959, 2.959
addParticle, 4509, 4.509
clear, 8, 0.008
update, 12234, 12.234
modelMatrix, 15, 0.015
viewMatrix, 14, 0.014
projectionMatrix, 11, 0.011
draw, 13300, 13.3
addParticle, 20065, 20.065
clear, 17, 0.017
update, 3173, 3.173
modelMatrix, 5, 0.005
viewMatrix, 7, 0.007
projectionMatrix, 5, 0.005
draw, 3720, 3.72
addParticle, 3876, 3.876
clear, 6, 0.006
update, 14434, 14.434
modelMatrix, 15, 0.015
viewMatrix, 19, 0.019
projectionMatrix, 13, 0.013
draw, 15602, 15.602
addParticle, 21172, 21.172
clear, 11, 0.011
update, 2378, 2.378
modelMatrix, 4, 0.004
viewMatrix, 7, 0.007
projectionMatrix, 5, 0.005
draw, 2940, 2.94
addParticle, 3903, 3.903
clear, 13, 0.013
update, 14251, 14.251
modelMatrix, 10, 0.01
viewMatrix, 15, 0.015
projectionMatrix, 11, 0.011
draw, 15336, 15.336
addParticle, 22017, 22.017
clear, 10, 0.01
update, 2958, 2.958
modelMatrix, 5, 0.005
viewMatrix, 8, 0.008
projectionMatrix, 7, 0.007
draw, 3593, 3.593
addParticle, 4417, 4.417
clear, 8, 0.008
update, 14234, 14.234
modelMatrix, 6, 0.006
viewMatrix, 8, 0.008
projectionMatrix, 7, 0.007
draw, 15072, 15.072
addParticle, 20611, 20.611
clear, 10, 0.01
update, 2404, 2.404
modelMatrix, 12, 0.012
viewMatrix, 7, 0.007
projectionMatrix, 6, 0.006
draw, 3012, 3.012
addParticle, 4294, 4.294
clear, 7, 0.007
update, 15780, 15.78
modelMatrix, 13, 0.013
viewMatrix, 17, 0.017
projectionMatrix, 13, 0.013
draw, 16903, 16.903
addParticle, 22684, 22.684
clear, 17, 0.017
update, 2600, 2.6
modelMatrix, 6, 0.006
viewMatrix, 8, 0.008
projectionMatrix, 8, 0.008
draw, 3326, 3.326
addParticle, 4474, 4.474
clear, 8, 0.008
update, 14793, 14.793
modelMatrix, 16, 0.016
viewMatrix, 16, 0.016
projectionMatrix, 12, 0.012
draw, 15918, 15.918
addParticle, 22606, 22.606
clear, 16, 0.016
update, 3083, 3.083
modelMatrix, 12, 0.012
viewMatrix, 7, 0.007
projectionMatrix, 6, 0.006
draw, 3644, 3.644
addParticle, 4025, 4.025
clear, 10, 0.01
update, 16938, 16.938
modelMatrix, 12, 0.012
viewMatrix, 18, 0.018
projectionMatrix, 21, 0.021
draw, 18313, 18.313
addParticle, 22689, 22.689
clear, 9, 0.009
update, 2960, 2.96
modelMatrix, 4, 0.004
viewMatrix, 7, 0.007
projectionMatrix, 6, 0.006
draw, 3524, 3.524
addParticle, 3837, 3.837
clear, 8, 0.008
update, 16812, 16.812
modelMatrix, 14, 0.014
viewMatrix, 21, 0.021
projectionMatrix, 9, 0.009
draw, 17829, 17.829
addParticle, 24521, 24.521
clear, 11, 0.011
update, 2571, 2.571
modelMatrix, 6, 0.006
viewMatrix, 8, 0.008
projectionMatrix, 7, 0.007
draw, 3290, 3.29
addParticle, 4330, 4.33
clear, 8, 0.008
update, 15828, 15.828
modelMatrix, 13, 0.013
viewMatrix, 11, 0.011
projectionMatrix, 9, 0.009
draw, 16846, 16.846
addParticle, 24749, 24.749
clear, 17, 0.017
update, 3043, 3.043
modelMatrix, 14, 0.014
viewMatrix, 9, 0.009
projectionMatrix, 7, 0.007
draw, 3726, 3.726
addParticle, 3511, 3.511
clear, 14, 0.014
update, 18507, 18.507
modelMatrix, 16, 0.016
viewMatrix, 17, 0.017
projectionMatrix, 10, 0.01
draw, 19759, 19.759
addParticle, 17948, 17.948
clear, 21, 0.021
update, 5177, 5.177
modelMatrix, 14, 0.014
viewMatrix, 8, 0.008
projectionMatrix, 7, 0.007
draw, 5863, 5.863
addParticle, 8, 0.008
clear, 16, 0.016
update, 21743, 21.743
modelMatrix, 17, 0.017
viewMatrix, 15, 0.015
projectionMatrix, 11, 0.011
draw, 22822, 22.822
addParticle, 19463, 19.463
clear, 30, 0.03
update, 5270, 5.27
modelMatrix, 6, 0.006
viewMatrix, 9, 0.009
projectionMatrix, 7, 0.007
draw, 5954, 5.954
addParticle, 7, 0.007
clear, 9, 0.009
update, 20474, 20.474
modelMatrix, 12, 0.012
viewMatrix, 24, 0.024
projectionMatrix, 17, 0.017
draw, 21477, 21.477
addParticle, 19613, 19.613
clear, 15, 0.015
update, 4698, 4.698
modelMatrix, 14, 0.014
viewMatrix, 9, 0.009
projectionMatrix, 7, 0.007
draw, 5440, 5.44
addParticle, 9, 0.009
clear, 9, 0.009
update, 22242, 22.242
modelMatrix, 16, 0.016
viewMatrix, 27, 0.027
projectionMatrix, 20, 0.02
draw, 23413, 23.413
addParticle, 17887, 17.887
clear, 17, 0.017
update, 3676, 3.676
modelMatrix, 11, 0.011
viewMatrix, 25, 0.025
projectionMatrix, 19, 0.019
draw, 4628, 4.628
addParticle, 9, 0.009
clear, 8, 0.008
update, 22054, 22.054
modelMatrix, 12, 0.012
viewMatrix, 15, 0.015
projectionMatrix, 11, 0.011
draw, 23168, 23.168
addParticle, 19429, 19.429
clear, 22, 0.022
update, 5388, 5.388
modelMatrix, 5, 0.005
viewMatrix, 6, 0.006
projectionMatrix, 5, 0.005
draw, 5904, 5.904
addParticle, 18, 0.018
clear, 7, 0.007
update, 21066, 21.066
modelMatrix, 11, 0.011
viewMatrix, 13, 0.013
projectionMatrix, 8, 0.008
draw, 22011, 22.011
addParticle, 20288, 20.288
clear, 14, 0.014
update, 5084, 5.084
modelMatrix, 5, 0.005
viewMatrix, 7, 0.007
projectionMatrix, 15, 0.015
draw, 5653, 5.653
addParticle, 8, 0.008
clear, 8, 0.008
update, 22157, 22.157
modelMatrix, 16, 0.016
viewMatrix, 34, 0.034
projectionMatrix, 19, 0.019
draw, 23426, 23.426
addParticle, 20687, 20.687
clear, 23, 0.023
update, 3416, 3.416
modelMatrix, 5, 0.005
viewMatrix, 7, 0.007
projectionMatrix, 6, 0.006
draw, 3970, 3.97
addParticle, 8, 0.008
clear, 9, 0.009
update, 22055, 22.055
modelMatrix, 19, 0.019
viewMatrix, 14, 0.014
projectionMatrix, 11, 0.011
draw, 23162, 23.162
addParticle, 19590, 19.59
clear, 14, 0.014
update, 5436, 5.436
modelMatrix, 14, 0.014
viewMatrix, 8, 0.008
projectionMatrix, 7, 0.007
draw, 6128, 6.128
addParticle, 7, 0.007
clear, 8, 0.008
update, 20137, 20.137
modelMatrix, 14, 0.014
viewMatrix, 23, 0.023
projectionMatrix, 8, 0.008
draw, 21154, 21.154
addParticle, 19909, 19.909
clear, 16, 0.016
update, 4601, 4.601
modelMatrix, 6, 0.006
viewMatrix, 8, 0.008
projectionMatrix, 8, 0.008
draw, 5348, 5.348
addParticle, 8, 0.008
clear, 9, 0.009
update, 21380, 21.38
modelMatrix, 13, 0.013
viewMatrix, 16, 0.016
projectionMatrix, 8, 0.008
draw, 22348, 22.348
addParticle, 18917, 18.917
clear, 14, 0.014
update, 5348, 5.348
modelMatrix, 14, 0.014
viewMatrix, 8, 0.008
projectionMatrix, 7, 0.007
draw, 6044, 6.044
addParticle, 8, 0.008
clear, 9, 0.009
update, 22174, 22.174
modelMatrix, 14, 0.014
viewMatrix, 15, 0.015
projectionMatrix, 9, 0.009
draw, 23224, 23.224
clear, 11, 0.011
update, 21985, 21.985
modelMatrix, 15, 0.015
viewMatrix, 15, 0.015
projectionMatrix, 10, 0.01
draw, 23265, 23.265
clear, 10, 0.01
update, 21990, 21.99
modelMatrix, 14, 0.014
viewMatrix, 16, 0.016
projectionMatrix, 8, 0.008
draw, 23163, 23.163
clear, 10, 0.01
update, 22113, 22.113
modelMatrix, 13, 0.013
viewMatrix, 13, 0.013
projectionMatrix, 9, 0.009
draw, 23212, 23.212
clear, 11, 0.011
update, 22113, 22.113
modelMatrix, 14, 0.014
viewMatrix, 16, 0.016
projectionMatrix, 9, 0.009
draw, 23268, 23.268
clear, 10, 0.01
update, 22461, 22.461
modelMatrix, 20, 0.02
viewMatrix, 14, 0.014
projectionMatrix, 9, 0.009
draw, 23534, 23.534
clear, 10, 0.01
update, 22416, 22.416
modelMatrix, 13, 0.013
viewMatrix, 17, 0.017
projectionMatrix, 9, 0.009
draw, 23469, 23.469
clear, 10, 0.01
update, 22663, 22.663
modelMatrix, 13, 0.013
viewMatrix, 16, 0.016
projectionMatrix, 8, 0.008
draw, 23768, 23.768
clear, 14, 0.014
update, 22590, 22.59
modelMatrix, 12, 0.012
viewMatrix, 13, 0.013
projectionMatrix, 7, 0.007
draw, 23508, 23.508
clear, 10, 0.01
update, 23021, 23.021
modelMatrix, 15, 0.015
viewMatrix, 12, 0.012
projectionMatrix, 9, 0.009
draw, 24176, 24.176
clear, 11, 0.011
update, 22162, 22.162
modelMatrix, 12, 0.012
viewMatrix, 13, 0.013
projectionMatrix, 11, 0.011
draw, 23238, 23.238
clear, 12, 0.012
update, 22378, 22.378
modelMatrix, 17, 0.017
viewMatrix, 21, 0.021
projectionMatrix, 18, 0.018
draw, 23583, 23.583
clear, 10, 0.01
update, 22169, 22.169
modelMatrix, 13, 0.013
viewMatrix, 23, 0.023
projectionMatrix, 18, 0.018
draw, 23305, 23.305
clear, 11, 0.011
update, 22476, 22.476
modelMatrix, 13, 0.013
viewMatrix, 12, 0.012
projectionMatrix, 9, 0.009
draw, 23619, 23.619
clear, 10, 0.01
update, 22321, 22.321
modelMatrix, 12, 0.012
viewMatrix, 24, 0.024
projectionMatrix, 8, 0.008
draw, 23401, 23.401
clear, 19, 0.019
update, 21580, 21.58
modelMatrix, 11, 0.011
viewMatrix, 14, 0.014
projectionMatrix, 10, 0.01
draw, 22710, 22.71
clear, 10, 0.01
update, 22627, 22.627
modelMatrix, 11, 0.011
viewMatrix, 25, 0.025
projectionMatrix, 22, 0.022
draw, 23871, 23.871
clear, 14, 0.014
update, 22054, 22.054
modelMatrix, 11, 0.011
viewMatrix, 13, 0.013
projectionMatrix, 13, 0.013
draw, 23167, 23.167
clear, 10, 0.01
update, 21893, 21.893
modelMatrix, 13, 0.013
viewMatrix, 23, 0.023
projectionMatrix, 37, 0.037
draw, 23129, 23.129
clear, 10, 0.01
update, 22176, 22.176
modelMatrix, 9, 0.009
viewMatrix, 13, 0.013
projectionMatrix, 8, 0.008
draw, 23132, 23.132
clear, 9, 0.009
update, 22895, 22.895
modelMatrix, 13, 0.013
viewMatrix, 15, 0.015
projectionMatrix, 10, 0.01
draw, 23975, 23.975
clear, 11, 0.011
update, 22184, 22.184
modelMatrix, 11, 0.011
viewMatrix, 14, 0.014
projectionMatrix, 9, 0.009
draw, 23344, 23.344
clear, 10, 0.01
update, 21759, 21.759
modelMatrix, 12, 0.012
viewMatrix, 18, 0.018
projectionMatrix, 10, 0.01
draw, 22865, 22.865
clear, 11, 0.011
update, 21966, 21.966
modelMatrix, 15, 0.015
viewMatrix, 15, 0.015
projectionMatrix, 11, 0.011
draw, 23168, 23.168
clear, 11, 0.011
update, 21710, 21.71
modelMatrix, 13, 0.013
viewMatrix, 18, 0.018
projectionMatrix, 11, 0.011
draw, 22830, 22.83
clear, 10, 0.01
update, 22771, 22.771
modelMatrix, 13, 0.013
viewMatrix, 13, 0.013
projectionMatrix, 9, 0.009
draw, 23871, 23.871
clear, 10, 0.01
update, 22151, 22.151
modelMatrix, 14, 0.014
viewMatrix, 21, 0.021
projectionMatrix, 9, 0.009
draw, 23337, 23.337
clear, 10, 0.01
update, 24051, 24.051
modelMatrix, 14, 0.014
viewMatrix, 23, 0.023
projectionMatrix, 8, 0.008
draw, 25225, 25.225
clear, 9, 0.009
update, 22749, 22.749
modelMatrix, 15, 0.015
viewMatrix, 89, 0.089
projectionMatrix, 13, 0.013
draw, 24225, 24.225
clear, 10, 0.01
update, 22539, 22.539
modelMatrix, 21, 0.021
viewMatrix, 17, 0.017
projectionMatrix, 10, 0.01
draw, 23834, 23.834
clear, 11, 0.011
update, 22233, 22.233
modelMatrix, 11, 0.011
viewMatrix, 14, 0.014
projectionMatrix, 9, 0.009
draw, 23221, 23.221
clear, 10, 0.01
update, 22871, 22.871
modelMatrix, 13, 0.013
viewMatrix, 17, 0.017
projectionMatrix, 11, 0.011
draw, 23968, 23.968
clear, 10, 0.01
update, 22188, 22.188
modelMatrix, 15, 0.015
viewMatrix, 16, 0.016
projectionMatrix, 10, 0.01
draw, 23537, 23.537
clear, 14, 0.014
update, 22027, 22.027
modelMatrix, 15, 0.015
viewMatrix, 19, 0.019
projectionMatrix, 11, 0.011
draw, 23236, 23.236
clear, 10, 0.01
update, 22127, 22.127
modelMatrix, 10, 0.01
viewMatrix, 13, 0.013
projectionMatrix, 9, 0.009
draw, 23164, 23.164
clear, 10, 0.01
update, 21561, 21.561
modelMatrix, 15, 0.015
viewMatrix, 15, 0.015
projectionMatrix, 9, 0.009
draw, 22744, 22.744
clear, 10, 0.01
update, 21955, 21.955
modelMatrix, 12, 0.012
viewMatrix, 14, 0.014
projectionMatrix, 9, 0.009
draw, 22920, 22.92
clear, 10, 0.01
update, 22496, 22.496
modelMatrix, 17, 0.017
viewMatrix, 11, 0.011
projectionMatrix, 9, 0.009
draw, 23641, 23.641
clear, 11, 0.011
update, 22049, 22.049
modelMatrix, 15, 0.015
viewMatrix, 17, 0.017
projectionMatrix, 10, 0.01
draw, 23173, 23.173
clear, 13, 0.013
update, 21940, 21.94
modelMatrix, 14, 0.014
viewMatrix, 13, 0.013
projectionMatrix, 10, 0.01
draw, 23056, 23.056
clear, 10, 0.01
update, 22284, 22.284
modelMatrix, 10, 0.01
viewMatrix, 15, 0.015
projectionMatrix, 9, 0.009
draw, 23363, 23.363
clear, 10, 0.01
update, 22280, 22.28
modelMatrix, 15, 0.015
viewMatrix, 12, 0.012
projectionMatrix, 12, 0.012
draw, 23426, 23.426
clear, 10, 0.01
update, 21656, 21.656
modelMatrix, 15, 0.015
viewMatrix, 13, 0.013
projectionMatrix, 11, 0.011
draw, 22641, 22.641
clear, 11, 0.011
update, 21611, 21.611
modelMatrix, 19, 0.019
viewMatrix, 18, 0.018
projectionMatrix, 14, 0.014
draw, 22997, 22.997
clear, 10, 0.01
update, 22202, 22.202
modelMatrix, 12, 0.012
viewMatrix, 25, 0.025
projectionMatrix, 10, 0.01
draw, 23328, 23.328
clear, 10, 0.01
update, 22208, 22.208
modelMatrix, 12, 0.012
viewMatrix, 15, 0.015
projectionMatrix, 10, 0.01
draw, 23427, 23.427
clear, 18, 0.018
update, 22564, 22.564
modelMatrix, 11, 0.011
viewMatrix, 12, 0.012
projectionMatrix, 8, 0.008
draw, 23506, 23.506
clear, 19, 0.019
update, 22528, 22.528
modelMatrix, 13, 0.013
viewMatrix, 13, 0.013
projectionMatrix, 12, 0.012
draw, 23712, 23.712
clear, 9, 0.009
update, 22431, 22.431
modelMatrix, 14, 0.014
viewMatrix, 15, 0.015
projectionMatrix, 10, 0.01
draw, 23523, 23.523
clear, 10, 0.01
update, 21491, 21.491
modelMatrix, 14, 0.014
viewMatrix, 13, 0.013
projectionMatrix, 7, 0.007
draw, 22528, 22.528
clear, 9, 0.009
update, 22709, 22.709
modelMatrix, 10, 0.01
viewMatrix, 16, 0.016
projectionMatrix, 9, 0.009
draw, 23759, 23.759
clear, 11, 0.011
update, 21791, 21.791
modelMatrix, 16, 0.016
viewMatrix, 16, 0.016
projectionMatrix, 8, 0.008
draw, 22953, 22.953
clear, 11, 0.011
update, 22006, 22.006
modelMatrix, 13, 0.013
viewMatrix, 18, 0.018
projectionMatrix, 10, 0.01
draw, 23134, 23.134
clear, 17, 0.017
update, 22263, 22.263
modelMatrix, 15, 0.015
viewMatrix, 24, 0.024
projectionMatrix, 18, 0.018
draw, 23359, 23.359
clear, 10, 0.01
update, 22414, 22.414
modelMatrix, 17, 0.017
viewMatrix, 13, 0.013
projectionMatrix, 9, 0.009
draw, 23519, 23.519
clear, 10, 0.01
update, 21342, 21.342
modelMatrix, 14, 0.014
viewMatrix, 19, 0.019
projectionMatrix, 9, 0.009
draw, 22374, 22.374
clear, 10, 0.01
update, 22620, 22.62
modelMatrix, 13, 0.013
viewMatrix, 14, 0.014
projectionMatrix, 9, 0.009
draw, 23729, 23.729
clear, 10, 0.01
update, 22018, 22.018
modelMatrix, 13, 0.013
viewMatrix, 24, 0.024
projectionMatrix, 25, 0.025
draw, 23243, 23.243
clear, 12, 0.012
update, 22070, 22.07
modelMatrix, 12, 0.012
viewMatrix, 13, 0.013
projectionMatrix, 9, 0.009
draw, 23155, 23.155
clear, 14, 0.014
update, 22047, 22.047
modelMatrix, 19, 0.019
viewMatrix, 15, 0.015
projectionMatrix, 11, 0.011
draw, 23199, 23.199
clear, 10, 0.01
update, 21655, 21.655
modelMatrix, 16, 0.016
viewMatrix, 13, 0.013
projectionMatrix, 10, 0.01
draw, 22762, 22.762
clear, 10, 0.01
update, 22269, 22.269
modelMatrix, 14, 0.014
viewMatrix, 15, 0.015
projectionMatrix, 9, 0.009
draw, 23375, 23.375
clear, 10, 0.01
update, 22058, 22.058
modelMatrix, 10, 0.01
viewMatrix, 17, 0.017
projectionMatrix, 7, 0.007
draw, 23064, 23.064
clear, 10, 0.01
update, 22349, 22.349
modelMatrix, 16, 0.016
viewMatrix, 18, 0.018
projectionMatrix, 11, 0.011
draw, 23495, 23.495
clear, 10, 0.01
update, 22840, 22.84
modelMatrix, 12, 0.012
viewMatrix, 16, 0.016
projectionMatrix, 9, 0.009
draw, 23688, 23.688
clear, 10, 0.01
update, 23719, 23.719
modelMatrix, 18, 0.018
viewMatrix, 15, 0.015
projectionMatrix, 10, 0.01
draw, 24895, 24.895
clear, 11, 0.011
update, 22598, 22.598
modelMatrix, 17, 0.017
viewMatrix, 20, 0.02
projectionMatrix, 23, 0.023
draw, 23966, 23.966
clear, 10, 0.01
update, 22242, 22.242
modelMatrix, 14, 0.014
viewMatrix, 20, 0.02
projectionMatrix, 11, 0.011
draw, 23591, 23.591
clear, 10, 0.01
update, 21791, 21.791
modelMatrix, 14, 0.014
viewMatrix, 22, 0.022
projectionMatrix, 7, 0.007
draw, 22852, 22.852
clear, 9, 0.009
update, 22551, 22.551
modelMatrix, 13, 0.013
viewMatrix, 24, 0.024
projectionMatrix, 8, 0.008
draw, 23693, 23.693
clear, 11, 0.011
update, 21992, 21.992
modelMatrix, 15, 0.015
viewMatrix, 19, 0.019
projectionMatrix, 9, 0.009
draw, 23147, 23.147
clear, 11, 0.011
update, 22200, 22.2
modelMatrix, 17, 0.017
viewMatrix, 17, 0.017
projectionMatrix, 11, 0.011
draw, 23468, 23.468
clear, 11, 0.011
update, 22258, 22.258
modelMatrix, 11, 0.011
viewMatrix, 18, 0.018
projectionMatrix, 9, 0.009
draw, 23342, 23.342
clear, 10, 0.01
update, 22761, 22.761
modelMatrix, 18, 0.018
viewMatrix, 13, 0.013
projectionMatrix, 10, 0.01
draw, 23912, 23.912
clear, 10, 0.01
update, 21983, 21.983
modelMatrix, 11, 0.011
viewMatrix, 11, 0.011
projectionMatrix, 10, 0.01
draw, 22987, 22.987
clear, 10, 0.01
update, 21925, 21.925
modelMatrix, 13, 0.013
viewMatrix, 18, 0.018
projectionMatrix, 9, 0.009
draw, 23003, 23.003
clear, 10, 0.01
update, 22142, 22.142
modelMatrix, 12, 0.012
viewMatrix, 12, 0.012
projectionMatrix, 8, 0.008
draw, 23230, 23.23
clear, 10, 0.01
update, 21951, 21.951
modelMatrix, 19, 0.019
viewMatrix, 12, 0.012
projectionMatrix, 10, 0.01
draw, 23010, 23.01
clear, 10, 0.01
update, 22611, 22.611
modelMatrix, 12, 0.012
viewMatrix, 14, 0.014
projectionMatrix, 9, 0.009
draw, 23665, 23.665
clear, 17, 0.017
update, 22525, 22.525
modelMatrix, 15, 0.015
viewMatrix, 14, 0.014
projectionMatrix, 11, 0.011
draw, 23659, 23.659
clear, 10, 0.01
update, 22333, 22.333
modelMatrix, 12, 0.012
viewMatrix, 17, 0.017
projectionMatrix, 12, 0.012
draw, 23496, 23.496
clear, 10, 0.01
update, 21797, 21.797
modelMatrix, 13, 0.013
viewMatrix, 14, 0.014
projectionMatrix, 9, 0.009
draw, 22803, 22.803
clear, 14, 0.014
update, 23261, 23.261
modelMatrix, 13, 0.013
viewMatrix, 13, 0.013
projectionMatrix, 9, 0.009
draw, 24380, 24.38
clear, 12, 0.012
update, 22140, 22.14
modelMatrix, 14, 0.014
viewMatrix, 12, 0.012
projectionMatrix, 9, 0.009
draw, 23291, 23.291
clear, 10, 0.01
update, 22120, 22.12
modelMatrix, 13, 0.013
viewMatrix, 31, 0.031
projectionMatrix, 21, 0.021
draw, 23370, 23.37
clear, 13, 0.013
update, 21960, 21.96
modelMatrix, 15, 0.015
viewMatrix, 14, 0.014
projectionMatrix, 10, 0.01
draw, 23074, 23.074
clear, 10, 0.01
update, 22100, 22.1
modelMatrix, 13, 0.013
viewMatrix, 13, 0.013
projectionMatrix, 9, 0.009
draw, 23161, 23.161
clear, 12, 0.012
update, 21730, 21.73
modelMatrix, 18, 0.018
viewMatrix, 12, 0.012
projectionMatrix, 11, 0.011
draw, 22905, 22.905
clear, 13, 0.013
update, 22492, 22.492
modelMatrix, 9, 0.009
viewMatrix, 13, 0.013
projectionMatrix, 9, 0.009
draw, 23424, 23.424
clear, 10, 0.01
update, 21791, 21.791
modelMatrix, 15, 0.015
viewMatrix, 13, 0.013
projectionMatrix, 8, 0.008
draw, 22943, 22.943
clear, 14, 0.014
update, 22081, 22.081
modelMatrix, 15, 0.015
viewMatrix, 14, 0.014
projectionMatrix, 11, 0.011
draw, 23157, 23.157
clear, 10, 0.01
update, 22062, 22.062
modelMatrix, 12, 0.012
viewMatrix, 12, 0.012
projectionMatrix, 8, 0.008
draw, 23128, 23.128
clear, 10, 0.01
update, 21894, 21.894
modelMatrix, 12, 0.012
viewMatrix, 14, 0.014
projectionMatrix, 11, 0.011
draw, 23026, 23.026
clear, 10, 0.01
update, 22044, 22.044
modelMatrix, 14, 0.014
viewMatrix, 12, 0.012
projectionMatrix, 10, 0.01
draw, 23048, 23.048
clear, 9, 0.009
update, 23086, 23.086
modelMatrix, 15, 0.015
viewMatrix, 16, 0.016
projectionMatrix, 10, 0.01
draw, 24161, 24.161
clear, 10, 0.01
update, 22736, 22.736
modelMatrix, 12, 0.012
viewMatrix, 15, 0.015
projectionMatrix, 13, 0.013
draw, 24085, 24.085
clear, 10, 0.01
update, 21993, 21.993
modelMatrix, 9, 0.009
viewMatrix, 15, 0.015
projectionMatrix, 7, 0.007
draw, 22892, 22.892
clear, 10, 0.01
update, 22621, 22.621
modelMatrix, 17, 0.017
viewMatrix, 20, 0.02
projectionMatrix, 11, 0.011
draw, 23882, 23.882
clear, 10, 0.01
update, 22358, 22.358
modelMatrix, 15, 0.015
viewMatrix, 18, 0.018
projectionMatrix, 11, 0.011
draw, 23556, 23.556
clear, 10, 0.01
update, 22195, 22.195
modelMatrix, 12, 0.012
viewMatrix, 11, 0.011
projectionMatrix, 9, 0.009
draw, 23280, 23.28
clear, 12, 0.012
update, 22165, 22.165
modelMatrix, 10, 0.01
viewMatrix, 15, 0.015
projectionMatrix, 8, 0.008
draw, 23115, 23.115
clear, 10, 0.01
update, 22776, 22.776
modelMatrix, 16, 0.016
viewMatrix, 29, 0.029
projectionMatrix, 19, 0.019
draw, 24031, 24.031
clear, 11, 0.011
update, 22375, 22.375
modelMatrix, 11, 0.011
viewMatrix, 16, 0.016
projectionMatrix, 12, 0.012
draw, 23475, 23.475
clear, 10, 0.01
update, 22195, 22.195
modelMatrix, 14, 0.014
viewMatrix, 22, 0.022
projectionMatrix, 9, 0.009
draw, 23273, 23.273
clear, 10, 0.01
update, 22527, 22.527
modelMatrix, 10, 0.01
viewMatrix, 13, 0.013
projectionMatrix, 11, 0.011
draw, 23630, 23.63
clear, 10, 0.01
update, 21797, 21.797
modelMatrix, 15, 0.015
viewMatrix, 22, 0.022
projectionMatrix, 18, 0.018
draw, 22899, 22.899
clear, 12, 0.012
update, 21571, 21.571
modelMatrix, 14, 0.014
viewMatrix, 16, 0.016
projectionMatrix, 8, 0.008
draw, 22708, 22.708
clear, 10, 0.01
update, 21878, 21.878
modelMatrix, 12, 0.012
viewMatrix, 15, 0.015
projectionMatrix, 8, 0.008
draw, 22857, 22.857
clear, 10, 0.01
update, 22323, 22.323
modelMatrix, 13, 0.013
viewMatrix, 14, 0.014
projectionMatrix, 11, 0.011
draw, 23507, 23.507
clear, 11, 0.011
update, 22142, 22.142
modelMatrix, 14, 0.014
viewMatrix, 25, 0.025
projectionMatrix, 9, 0.009
draw, 23313, 23.313
clear, 10, 0.01
update, 22171, 22.171
modelMatrix, 11, 0.011
viewMatrix, 15, 0.015
projectionMatrix, 10, 0.01
draw, 23228, 23.228
clear, 20, 0.02
update, 22064, 22.064
modelMatrix, 12, 0.012
viewMatrix, 14, 0.014
projectionMatrix, 9, 0.009
draw, 23238, 23.238
clear, 10, 0.01
update, 21950, 21.95
modelMatrix, 9, 0.009
viewMatrix, 15, 0.015
projectionMatrix, 10, 0.01
draw, 22978, 22.978
clear, 10, 0.01
update, 22868, 22.868
modelMatrix, 13, 0.013
viewMatrix, 15, 0.015
projectionMatrix, 10, 0.01
draw, 23967, 23.967
clear, 10, 0.01
update, 22319, 22.319
modelMatrix, 15, 0.015
viewMatrix, 15, 0.015
projectionMatrix, 13, 0.013
draw, 23517, 23.517
clear, 11, 0.011
update, 22343, 22.343
modelMatrix, 10, 0.01
viewMatrix, 9, 0.009
projectionMatrix, 7, 0.007
draw, 23333, 23.333
clear, 9, 0.009
update, 23139, 23.139
modelMatrix, 12, 0.012
viewMatrix, 30, 0.03
projectionMatrix, 21, 0.021
draw, 24282, 24.282
clear, 17, 0.017
update, 22096, 22.096
modelMatrix, 11, 0.011
viewMatrix, 14, 0.014
projectionMatrix, 11, 0.011
draw, 23161, 23.161
clear, 10, 0.01
update, 22975, 22.975
modelMatrix, 13, 0.013
viewMatrix, 16, 0.016
projectionMatrix, 8, 0.008
draw, 23966, 23.966
clear, 10, 0.01
update, 22450, 22.45
modelMatrix, 13, 0.013
viewMatrix, 14, 0.014
projectionMatrix, 11, 0.011
draw, 23605, 23.605
clear, 10, 0.01
update, 22537, 22.537
modelMatrix, 13, 0.013
viewMatrix, 22, 0.022
projectionMatrix, 18, 0.018
draw, 23703, 23.703
clear, 10, 0.01
update, 22220, 22.22
modelMatrix, 49, 0.049
viewMatrix, 14, 0.014
projectionMatrix, 11, 0.011
draw, 23483, 23.483
clear, 11, 0.011
update, 21758, 21.758
modelMatrix, 13, 0.013
viewMatrix, 37, 0.037
projectionMatrix, 20, 0.02
draw, 22988, 22.988
clear, 14, 0.014
update, 22029, 22.029
modelMatrix, 15, 0.015
viewMatrix, 14, 0.014
projectionMatrix, 10, 0.01
draw, 23031, 23.031
clear, 10, 0.01
update, 22323, 22.323
modelMatrix, 12, 0.012
viewMatrix, 14, 0.014
projectionMatrix, 11, 0.011
draw, 23384, 23.384
clear, 10, 0.01
update, 22217, 22.217
modelMatrix, 16, 0.016
viewMatrix, 21, 0.021
projectionMatrix, 20, 0.02
draw, 23479, 23.479
clear, 12, 0.012
update, 21970, 21.97
modelMatrix, 16, 0.016
viewMatrix, 14, 0.014
projectionMatrix, 10, 0.01
draw, 22933, 22.933
clear, 10, 0.01
update, 22500, 22.5
modelMatrix, 10, 0.01
viewMatrix, 17, 0.017
projectionMatrix, 12, 0.012
draw, 23640, 23.64
clear, 10, 0.01
update, 22687, 22.687
modelMatrix, 33, 0.033
viewMatrix, 11, 0.011
projectionMatrix, 8, 0.008
draw, 23703, 23.703
clear, 10, 0.01
update, 22402, 22.402
modelMatrix, 16, 0.016
viewMatrix, 22, 0.022
projectionMatrix, 7, 0.007
draw, 23456, 23.456
clear, 12, 0.012
update, 22581, 22.581
modelMatrix, 17, 0.017
viewMatrix, 18, 0.018
projectionMatrix, 9, 0.009
draw, 23681, 23.681
clear, 10, 0.01
update, 22128, 22.128
modelMatrix, 16, 0.016
viewMatrix, 15, 0.015
projectionMatrix, 8, 0.008
draw, 23274, 23.274
clear, 10, 0.01
update, 22166, 22.166
modelMatrix, 13, 0.013
viewMatrix, 18, 0.018
projectionMatrix, 9, 0.009
draw, 23230, 23.23
clear, 10, 0.01
update, 22151, 22.151
modelMatrix, 12, 0.012
viewMatrix, 16, 0.016
projectionMatrix, 11, 0.011
draw, 23330, 23.33
clear, 10, 0.01
update, 22623, 22.623
modelMatrix, 11, 0.011
viewMatrix, 9, 0.009
projectionMatrix, 9, 0.009
draw, 23663, 23.663
clear, 11, 0.011
update, 21895, 21.895
modelMatrix, 12, 0.012
viewMatrix, 16, 0.016
projectionMatrix, 11, 0.011
draw, 23024, 23.024
clear, 10, 0.01
update, 22476, 22.476
modelMatrix, 16, 0.016
viewMatrix, 16, 0.016
projectionMatrix, 11, 0.011
draw, 23594, 23.594
clear, 10, 0.01
update, 22124, 22.124
modelMatrix, 14, 0.014
viewMatrix, 14, 0.014
projectionMatrix, 11, 0.011
draw, 23237, 23.237
clear, 12, 0.012
update, 23087, 23.087
modelMatrix, 15, 0.015
viewMatrix, 19, 0.019
projectionMatrix, 9, 0.009
draw, 24251, 24.251
clear, 10, 0.01
update, 21945, 21.945
modelMatrix, 18, 0.018
viewMatrix, 16, 0.016
projectionMatrix, 9, 0.009
draw, 22961, 22.961
clear, 9, 0.009
update, 23152, 23.152
modelMatrix, 14, 0.014
viewMatrix, 12, 0.012
projectionMatrix, 9, 0.009
draw, 24219, 24.219
clear, 10, 0.01
update, 22600, 22.6
modelMatrix, 12, 0.012
viewMatrix, 13, 0.013
projectionMatrix, 10, 0.01
draw, 23719, 23.719
clear, 11, 0.011
update, 21993, 21.993
modelMatrix, 14, 0.014
viewMatrix, 13, 0.013
projectionMatrix, 9, 0.009
draw, 23134, 23.134
clear, 17, 0.017
update, 22300, 22.3
modelMatrix, 15, 0.015
viewMatrix, 15, 0.015
projectionMatrix, 10, 0.01
draw, 23457, 23.457
clear, 10, 0.01
update, 21789, 21.789
modelMatrix, 15, 0.015
viewMatrix, 14, 0.014
projectionMatrix, 10, 0.01
draw, 22920, 22.92
clear, 10, 0.01
update, 21971, 21.971
modelMatrix, 16, 0.016
viewMatrix, 24, 0.024
projectionMatrix, 7, 0.007
draw, 22978, 22.978
clear, 10, 0.01
update, 22281, 22.281
modelMatrix, 15, 0.015
viewMatrix, 12, 0.012
projectionMatrix, 8, 0.008
draw, 23387, 23.387
clear, 10, 0.01
update, 22125, 22.125
modelMatrix, 14, 0.014
viewMatrix, 21, 0.021
projectionMatrix, 19, 0.019
draw, 23324, 23.324
clear, 10, 0.01
update, 22249, 22.249
modelMatrix, 14, 0.014
viewMatrix, 16, 0.016
projectionMatrix, 9, 0.009
draw, 23332, 23.332
clear, 10, 0.01
update, 22138, 22.138
modelMatrix, 17, 0.017
viewMatrix, 13, 0.013
projectionMatrix, 9, 0.009
draw, 23262, 23.262
clear, 11, 0.011
update, 21509, 21.509
modelMatrix, 16, 0.016
viewMatrix, 15, 0.015
projectionMatrix, 9, 0.009
draw, 22631, 22.631
clear, 10, 0.01
update, 22747, 22.747
modelMatrix, 14, 0.014
viewMatrix, 30, 0.03
projectionMatrix, 20, 0.02
draw, 24085, 24.085
clear, 14, 0.014
update, 22259, 22.259
modelMatrix, 13, 0.013
viewMatrix, 23, 0.023
projectionMatrix, 20, 0.02
draw, 23383, 23.383
clear, 10, 0.01
update, 22466, 22.466
modelMatrix, 14, 0.014
viewMatrix, 13, 0.013
projectionMatrix, 9, 0.009
draw, 23554, 23.554
clear, 11, 0.011
update, 22809, 22.809
modelMatrix, 15, 0.015
viewMatrix, 30, 0.03
projectionMatrix, 22, 0.022
draw, 24027, 24.027
clear, 10, 0.01
update, 22188, 22.188
modelMatrix, 14, 0.014
viewMatrix, 14, 0.014
projectionMatrix, 7, 0.007
draw, 23198, 23.198
clear, 9, 0.009
update, 22363, 22.363
modelMatrix, 11, 0.011
viewMatrix, 16, 0.016
projectionMatrix, 10, 0.01
draw, 23391, 23.391
clear, 10, 0.01
update, 22045, 22.045
modelMatrix, 13, 0.013
viewMatrix, 15, 0.015
projectionMatrix, 11, 0.011
draw, 23141, 23.141
clear, 12, 0.012
update, 21956, 21.956
modelMatrix, 14, 0.014
viewMatrix, 14, 0.014
projectionMatrix, 10, 0.01
draw, 23052, 23.052
clear, 10, 0.01
update, 22231, 22.231
modelMatrix, 16, 0.016
viewMatrix, 23, 0.023
projectionMatrix, 18, 0.018
draw, 23401, 23.401
clear, 11, 0.011
update, 22064, 22.064
modelMatrix, 12, 0.012
viewMatrix, 15, 0.015
projectionMatrix, 12, 0.012
draw, 23150, 23.15
clear, 11, 0.011
update, 22250, 22.25
modelMatrix, 17, 0.017
viewMatrix, 17, 0.017
projectionMatrix, 11, 0.011
draw, 23436, 23.436
clear, 14, 0.014
update, 22015, 22.015
modelMatrix, 10, 0.01
viewMatrix, 24, 0.024
projectionMatrix, 9, 0.009
draw, 23141, 23.141
clear, 13, 0.013
update, 21776, 21.776
modelMatrix, 16, 0.016
viewMatrix, 15, 0.015
projectionMatrix, 11, 0.011
draw, 22967, 22.967
clear, 10, 0.01
update, 21871, 21.871
modelMatrix, 10, 0.01
viewMatrix, 15, 0.015
projectionMatrix, 10, 0.01
draw, 22876, 22.876
clear, 9, 0.009
update, 22027, 22.027
modelMatrix, 13, 0.013
viewMatrix, 14, 0.014
projectionMatrix, 7, 0.007
draw, 23192, 23.192
clear, 10, 0.01
update, 21960, 21.96
modelMatrix, 13, 0.013
viewMatrix, 17, 0.017
projectionMatrix, 9, 0.009
draw, 23053, 23.053
clear, 9, 0.009
update, 22619, 22.619
modelMatrix, 14, 0.014
viewMatrix, 22, 0.022
projectionMatrix, 18, 0.018
draw, 23762, 23.762
clear, 10, 0.01
update, 22202, 22.202
modelMatrix, 17, 0.017
viewMatrix, 12, 0.012
projectionMatrix, 10, 0.01
draw, 23260, 23.26
clear, 10, 0.01
update, 22275, 22.275
modelMatrix, 15, 0.015
viewMatrix, 13, 0.013
projectionMatrix, 9, 0.009
draw, 23439, 23.439
clear, 11, 0.011
update, 22274, 22.274
modelMatrix, 12, 0.012
viewMatrix, 17, 0.017
projectionMatrix, 9, 0.009
draw, 23299, 23.299
clear, 10, 0.01
update, 21172, 21.172
modelMatrix, 15, 0.015
viewMatrix, 14, 0.014
projectionMatrix, 9, 0.009
draw, 22348, 22.348
clear, 10, 0.01
update, 22017, 22.017
modelMatrix, 10, 0.01
viewMatrix, 12, 0.012
projectionMatrix, 9, 0.009
draw, 22909, 22.909
clear, 10, 0.01
update, 22831, 22.831
modelMatrix, 14, 0.014
viewMatrix, 14, 0.014
projectionMatrix, 18, 0.018
draw, 24171, 24.171
clear, 10, 0.01
update, 25150, 25.15
modelMatrix, 14, 0.014
viewMatrix, 17, 0.017
projectionMatrix, 10, 0.01
draw, 26137, 26.137
clear, 16, 0.016
update, 22718, 22.718
modelMatrix, 14, 0.014
viewMatrix, 11, 0.011
projectionMatrix, 10, 0.01
draw, 23712, 23.712
clear, 10, 0.01
update, 22186, 22.186
modelMatrix, 14, 0.014
viewMatrix, 24, 0.024
projectionMatrix, 9, 0.009
draw, 23272, 23.272
clear, 11, 0.011
update, 22286, 22.286
modelMatrix, 16, 0.016
viewMatrix, 16, 0.016
projectionMatrix, 12, 0.012
draw, 23428, 23.428
clear, 11, 0.011
update, 22164, 22.164
modelMatrix, 11, 0.011
viewMatrix, 15, 0.015
projectionMatrix, 9, 0.009
draw, 23072, 23.072
clear, 10, 0.01
update, 22532, 22.532
modelMatrix, 12, 0.012
viewMatrix, 13, 0.013
projectionMatrix, 10, 0.01
draw, 23676, 23.676
clear, 11, 0.011
update, 22434, 22.434
modelMatrix, 11, 0.011
viewMatrix, 14, 0.014
projectionMatrix, 10, 0.01
draw, 23499, 23.499
clear, 11, 0.011
update, 21884, 21.884
modelMatrix, 17, 0.017
viewMatrix, 28, 0.028
projectionMatrix, 17, 0.017
draw, 23107, 23.107
clear, 10, 0.01
update, 22518, 22.518
modelMatrix, 13, 0.013
viewMatrix, 14, 0.014
projectionMatrix, 10, 0.01
draw, 23687, 23.687
clear, 11, 0.011
update, 22229, 22.229
modelMatrix, 9, 0.009
viewMatrix, 14, 0.014
projectionMatrix, 9, 0.009
draw, 23339, 23.339
clear, 12, 0.012
update, 21487, 21.487
modelMatrix, 12, 0.012
viewMatrix, 14, 0.014
projectionMatrix, 9, 0.009
draw, 22534, 22.534
clear, 10, 0.01
update, 21616, 21.616
modelMatrix, 15, 0.015
viewMatrix, 26, 0.026
projectionMatrix, 18, 0.018
draw, 22829, 22.829
clear, 11, 0.011
update, 21438, 21.438
modelMatrix, 7, 0.007
viewMatrix, 16, 0.016
projectionMatrix, 8, 0.008
draw, 22302, 22.302
clear, 10, 0.01
update, 22286, 22.286
modelMatrix, 16, 0.016
viewMatrix, 30, 0.03
projectionMatrix, 8, 0.008
draw, 23484, 23.484
clear, 10, 0.01
update, 21791, 21.791
modelMatrix, 16, 0.016
viewMatrix, 24, 0.024
projectionMatrix, 21, 0.021
draw, 22965, 22.965
clear, 10, 0.01
update, 22021, 22.021
modelMatrix, 13, 0.013
viewMatrix, 12, 0.012
projectionMatrix, 9, 0.009
draw, 23326, 23.326
clear, 10, 0.01
update, 22236, 22.236
modelMatrix, 11, 0.011
viewMatrix, 14, 0.014
projectionMatrix, 9, 0.009
draw, 23305, 23.305
clear, 10, 0.01
update, 21877, 21.877
modelMatrix, 15, 0.015
viewMatrix, 18, 0.018
projectionMatrix, 9, 0.009
draw, 22981, 22.981
clear, 12, 0.012
update, 21694, 21.694
modelMatrix, 11, 0.011
viewMatrix, 28, 0.028
projectionMatrix, 7, 0.007
draw, 22732, 22.732
clear, 10, 0.01
update, 22386, 22.386
modelMatrix, 14, 0.014
viewMatrix, 17, 0.017
projectionMatrix, 10, 0.01
draw, 23536, 23.536
clear, 11, 0.011
update, 22453, 22.453
modelMatrix, 16, 0.016
viewMatrix, 13, 0.013
projectionMatrix, 9, 0.009
draw, 23535, 23.535
clear, 10, 0.01
update, 21478, 21.478
modelMatrix, 13, 0.013
viewMatrix, 15, 0.015
projectionMatrix, 9, 0.009
draw, 22666, 22.666
clear, 10, 0.01
update, 21457, 21.457
modelMatrix, 14, 0.014
viewMatrix, 15, 0.015
projectionMatrix, 10, 0.01
draw, 22593, 22.593
clear, 12, 0.012
update, 21993, 21.993
modelMatrix, 13, 0.013
viewMatrix, 15, 0.015
projectionMatrix, 9, 0.009
draw, 23083, 23.083
clear, 11, 0.011
update, 21648, 21.648
modelMatrix, 13, 0.013
viewMatrix, 23, 0.023
projectionMatrix, 19, 0.019
draw, 22817, 22.817
clear, 12, 0.012
update, 21529, 21.529
modelMatrix, 14, 0.014
viewMatrix, 14, 0.014
projectionMatrix, 7, 0.007
draw, 22615, 22.615
clear, 11, 0.011
update, 21474, 21.474
modelMatrix, 12, 0.012
viewMatrix, 28, 0.028
projectionMatrix, 11, 0.011
draw, 22679, 22.679
clear, 12, 0.012
update, 21623, 21.623
modelMatrix, 13, 0.013
viewMatrix, 16, 0.016
projectionMatrix, 10, 0.01
draw, 22822, 22.822
clear, 11, 0.011
update, 21697, 21.697
modelMatrix, 9, 0.009
viewMatrix, 21, 0.021
projectionMatrix, 18, 0.018
draw, 22750, 22.75
clear, 13, 0.013
update, 22114, 22.114
modelMatrix, 16, 0.016
viewMatrix, 16, 0.016
projectionMatrix, 11, 0.011
draw, 23393, 23.393
clear, 10, 0.01
update, 21717, 21.717
modelMatrix, 14, 0.014
viewMatrix, 26, 0.026
projectionMatrix, 22, 0.022
draw, 22854, 22.854
clear, 10, 0.01
update, 22197, 22.197
modelMatrix, 14, 0.014
viewMatrix, 11, 0.011
projectionMatrix, 9, 0.009
draw, 23323, 23.323
clear, 10, 0.01
update, 21955, 21.955
modelMatrix, 12, 0.012
viewMatrix, 13, 0.013
projectionMatrix, 11, 0.011
draw, 23058, 23.058
clear, 19, 0.019
update, 21665, 21.665
modelMatrix, 14, 0.014
viewMatrix, 22, 0.022
projectionMatrix, 9, 0.009
draw, 22778, 22.778
clear, 10, 0.01
update, 21861, 21.861
modelMatrix, 14, 0.014
viewMatrix, 14, 0.014
projectionMatrix, 9, 0.009
draw, 22980, 22.98
clear, 10, 0.01
update, 21886, 21.886
modelMatrix, 11, 0.011
viewMatrix, 15, 0.015
projectionMatrix, 10, 0.01
draw, 23022, 23.022
clear, 10, 0.01
update, 21796, 21.796
modelMatrix, 16, 0.016
viewMatrix, 12, 0.012
projectionMatrix, 11, 0.011
draw, 22903, 22.903
clear, 12, 0.012
update, 22765, 22.765
modelMatrix, 15, 0.015
viewMatrix, 14, 0.014
projectionMatrix, 9, 0.009
draw, 23810, 23.81
clear, 11, 0.011
update, 22692, 22.692
modelMatrix, 14, 0.014
viewMatrix, 23, 0.023
projectionMatrix, 7, 0.007
draw, 23654, 23.654
clear, 10, 0.01
update, 21944, 21.944
modelMatrix, 15, 0.015
viewMatrix, 16, 0.016
projectionMatrix, 11, 0.011
draw, 23249, 23.249
clear, 17, 0.017
update, 21718, 21.718
modelMatrix, 14, 0.014
viewMatrix, 20, 0.02
projectionMatrix, 11, 0.011
draw, 22965, 22.965
clear, 11, 0.011
update, 21659, 21.659
modelMatrix, 14, 0.014
viewMatrix, 15, 0.015
projectionMatrix, 8, 0.008
draw, 22715, 22.715
clear, 10, 0.01
update, 22112, 22.112
modelMatrix, 13, 0.013
viewMatrix, 14, 0.014
projectionMatrix, 10, 0.01
draw, 23152, 23.152
clear, 10, 0.01
update, 21675, 21.675
modelMatrix, 21, 0.021
viewMatrix, 12, 0.012
projectionMatrix, 7, 0.007
draw, 22657, 22.657
clear, 10, 0.01
update, 22475, 22.475
modelMatrix, 16, 0.016
viewMatrix, 30, 0.03
projectionMatrix, 16, 0.016
draw, 23562, 23.562
clear, 16, 0.016
update, 22582, 22.582
modelMatrix, 13, 0.013
viewMatrix, 16, 0.016
projectionMatrix, 9, 0.009
draw, 23715, 23.715
clear, 10, 0.01
update, 22489, 22.489
modelMatrix, 15, 0.015
viewMatrix, 21, 0.021
projectionMatrix, 8, 0.008
draw, 23513, 23.513
clear, 11, 0.011
update, 21954, 21.954
modelMatrix, 10, 0.01
viewMatrix, 11, 0.011
projectionMatrix, 8, 0.008
draw, 39398, 39.398
clear, 10, 0.01
update, 21934, 21.934
modelMatrix, 8, 0.008
viewMatrix, 11, 0.011
projectionMatrix, 9, 0.009
draw, 22815, 22.815
clear, 12, 0.012
update, 21447, 21.447
modelMatrix, 13, 0.013
viewMatrix, 20, 0.02
projectionMatrix, 6, 0.006
draw, 22460, 22.46
clear, 17, 0.017
update, 22517, 22.517
modelMatrix, 14, 0.014
viewMatrix, 13, 0.013
projectionMatrix, 9, 0.009
draw, 23619, 23.619
clear, 10, 0.01
update, 21396, 21.396
modelMatrix, 24, 0.024
viewMatrix, 16, 0.016
projectionMatrix, 18, 0.018
draw, 22711, 22.711
clear, 10, 0.01
update, 21789, 21.789
modelMatrix, 13, 0.013
viewMatrix, 25, 0.025
projectionMatrix, 17, 0.017
draw, 22924, 22.924
clear, 11, 0.011
update, 22034, 22.034
modelMatrix, 17, 0.017
viewMatrix, 17, 0.017
projectionMatrix, 10, 0.01
draw, 23178, 23.178
clear, 17, 0.017
update, 22046, 22.046
modelMatrix, 10, 0.01
viewMatrix, 13, 0.013
projectionMatrix, 6, 0.006
draw, 22863, 22.863
clear, 9, 0.009
update, 22520, 22.52
modelMatrix, 11, 0.011
viewMatrix, 12, 0.012
projectionMatrix, 11, 0.011
draw, 23619, 23.619
clear, 10, 0.01
update, 21411, 21.411
modelMatrix, 15, 0.015
viewMatrix, 14, 0.014
projectionMatrix, 10, 0.01
draw, 22553, 22.553
clear, 13, 0.013
update, 21403, 21.403
modelMatrix, 12, 0.012
viewMatrix, 12, 0.012
projectionMatrix, 9, 0.009
draw, 22421, 22.421
clear, 11, 0.011
update, 22654, 22.654
modelMatrix, 15, 0.015
viewMatrix, 24, 0.024
projectionMatrix, 21, 0.021
draw, 23893, 23.893
clear, 10, 0.01
update, 22392, 22.392
modelMatrix, 13, 0.013
viewMatrix, 15, 0.015
projectionMatrix, 9, 0.009
draw, 23594, 23.594
clear, 17, 0.017
update, 22058, 22.058
modelMatrix, 12, 0.012
viewMatrix, 12, 0.012
projectionMatrix, 8, 0.008
draw, 23091, 23.091
clear, 10, 0.01
update, 22180, 22.18
modelMatrix, 16, 0.016
viewMatrix, 13, 0.013
projectionMatrix, 10, 0.01
draw, 23337, 23.337
clear, 11, 0.011
update, 21452, 21.452
modelMatrix, 15, 0.015
viewMatrix, 14, 0.014
projectionMatrix, 9, 0.009
draw, 22588, 22.588
clear, 10, 0.01
update, 22158, 22.158
modelMatrix, 13, 0.013
viewMatrix, 15, 0.015
projectionMatrix, 8, 0.008
draw, 23286, 23.286
clear, 10, 0.01
update, 21889, 21.889
modelMatrix, 12, 0.012
viewMatrix, 15, 0.015
projectionMatrix, 9, 0.009
draw, 22941, 22.941
clear, 17, 0.017
update, 22610, 22.61
modelMatrix, 11, 0.011
viewMatrix, 17, 0.017
projectionMatrix, 11, 0.011
draw, 23635, 23.635
clear, 9, 0.009
update, 22979, 22.979
modelMatrix, 14, 0.014
viewMatrix, 21, 0.021
projectionMatrix, 18, 0.018
draw, 24109, 24.109
clear, 11, 0.011
update, 21988, 21.988
modelMatrix, 13, 0.013
viewMatrix, 14, 0.014
projectionMatrix, 13, 0.013
draw, 23121, 23.121
clear, 11, 0.011
update, 22192, 22.192
modelMatrix, 10, 0.01
viewMatrix, 22, 0.022
projectionMatrix, 8, 0.008
draw, 23261, 23.261
clear, 10, 0.01
update, 21624, 21.624
modelMatrix, 14, 0.014
viewMatrix, 15, 0.015
projectionMatrix, 12, 0.012
draw, 22744, 22.744
clear, 12, 0.012
update, 21956, 21.956
modelMatrix, 17, 0.017
viewMatrix, 30, 0.03
projectionMatrix, 18, 0.018
draw, 23233, 23.233
clear, 11, 0.011
update, 22277, 22.277
modelMatrix, 13, 0.013
viewMatrix, 23, 0.023
projectionMatrix, 19, 0.019
draw, 23389, 23.389
clear, 10, 0.01
update, 22038, 22.038
modelMatrix, 15, 0.015
viewMatrix, 13, 0.013
projectionMatrix, 11, 0.011
draw, 23299, 23.299
clear, 10, 0.01
update, 23543, 23.543
modelMatrix, 23, 0.023
viewMatrix, 15, 0.015
projectionMatrix, 11, 0.011
draw, 24753, 24.753
clear, 10, 0.01
update, 23305, 23.305
modelMatrix, 12, 0.012
viewMatrix, 16, 0.016
projectionMatrix, 10, 0.01
draw, 24355, 24.355
clear, 11, 0.011
update, 21462, 21.462
modelMatrix, 18, 0.018
viewMatrix, 17, 0.017
projectionMatrix, 9, 0.009
draw, 22699, 22.699
clear, 10, 0.01
update, 22336, 22.336
modelMatrix, 16, 0.016
viewMatrix, 12, 0.012
projectionMatrix, 11, 0.011
draw, 23451, 23.451
clear, 10, 0.01
update, 22258, 22.258
modelMatrix, 12, 0.012
viewMatrix, 13, 0.013
projectionMatrix, 9, 0.009
draw, 23368, 23.368
clear, 11, 0.011
update, 21831, 21.831
modelMatrix, 10, 0.01
viewMatrix, 20, 0.02
projectionMatrix, 12, 0.012
draw, 23210, 23.21
clear, 10, 0.01
update, 22041, 22.041
modelMatrix, 14, 0.014
viewMatrix, 13, 0.013
projectionMatrix, 8, 0.008
draw, 23085, 23.085
clear, 9, 0.009
update, 22476, 22.476
modelMatrix, 14, 0.014
viewMatrix, 16, 0.016
projectionMatrix, 9, 0.009
draw, 23552, 23.552
clear, 12, 0.012
update, 21842, 21.842
modelMatrix, 13, 0.013
viewMatrix, 17, 0.017
projectionMatrix, 12, 0.012
draw, 23008, 23.008
clear, 24, 0.024
update, 21488, 21.488
modelMatrix, 9, 0.009
viewMatrix, 12, 0.012
projectionMatrix, 8, 0.008
draw, 22352, 22.352
clear, 9, 0.009
update, 22971, 22.971
modelMatrix, 10, 0.01
viewMatrix, 15, 0.015
projectionMatrix, 10, 0.01
draw, 24130, 24.13
clear, 12, 0.012
update, 22080, 22.08
modelMatrix, 13, 0.013
viewMatrix, 21, 0.021
projectionMatrix, 7, 0.007
draw, 23120, 23.12
clear, 10, 0.01
update, 22486, 22.486
modelMatrix, 16, 0.016
viewMatrix, 11, 0.011
projectionMatrix, 11, 0.011
draw, 23617, 23.617
clear, 11, 0.011
update, 22193, 22.193
modelMatrix, 12, 0.012
viewMatrix, 18, 0.018
projectionMatrix, 9, 0.009
draw, 23327, 23.327
clear, 12, 0.012
update, 21784, 21.784
modelMatrix, 13, 0.013
viewMatrix, 14, 0.014
projectionMatrix, 10, 0.01
draw, 22924, 22.924
clear, 11, 0.011
update, 22375, 22.375
modelMatrix, 10, 0.01
viewMatrix, 16, 0.016
projectionMatrix, 10, 0.01
draw, 23427, 23.427
clear, 10, 0.01
update, 22238, 22.238
modelMatrix, 14, 0.014
viewMatrix, 21, 0.021
projectionMatrix, 12, 0.012
draw, 23504, 23.504
clear, 10, 0.01
update, 22024, 22.024
modelMatrix, 12, 0.012
viewMatrix, 11, 0.011
projectionMatrix, 10, 0.01
draw, 22945, 22.945
clear, 10, 0.01
update, 22421, 22.421
modelMatrix, 10, 0.01
viewMatrix, 17, 0.017
projectionMatrix, 9, 0.009
draw, 23569, 23.569
clear, 13, 0.013
update, 22178, 22.178
modelMatrix, 15, 0.015
viewMatrix, 20, 0.02
projectionMatrix, 10, 0.01
draw, 23185, 23.185
clear, 11, 0.011
update, 22621, 22.621
modelMatrix, 14, 0.014
viewMatrix, 11, 0.011
projectionMatrix, 9, 0.009
draw, 23735, 23.735
clear, 10, 0.01
update, 22570, 22.57
modelMatrix, 13, 0.013
viewMatrix, 24, 0.024
projectionMatrix, 17, 0.017
draw, 23724, 23.724
clear, 12, 0.012
update, 21588, 21.588
modelMatrix, 17, 0.017
viewMatrix, 12, 0.012
projectionMatrix, 11, 0.011
draw, 22706, 22.706
clear, 10, 0.01
update, 21839, 21.839
modelMatrix, 11, 0.011
viewMatrix, 16, 0.016
projectionMatrix, 9, 0.009
draw, 22898, 22.898
clear, 18, 0.018
update, 22167, 22.167
modelMatrix, 13, 0.013
viewMatrix, 15, 0.015
projectionMatrix, 10, 0.01
draw, 23325, 23.325
clear, 10, 0.01
update, 22742, 22.742
modelMatrix, 8, 0.008
viewMatrix, 11, 0.011
projectionMatrix, 9, 0.009
draw, 23750, 23.75
clear, 10, 0.01
update, 22420, 22.42
modelMatrix, 14, 0.014
viewMatrix, 13, 0.013
projectionMatrix, 11, 0.011
draw, 23493, 23.493
clear, 10, 0.01
update, 22738, 22.738
modelMatrix, 10, 0.01
viewMatrix, 16, 0.016
projectionMatrix, 9, 0.009
draw, 23824, 23.824
clear, 10, 0.01
update, 22625, 22.625
modelMatrix, 12, 0.012
viewMatrix, 20, 0.02
projectionMatrix, 8, 0.008
draw, 23687, 23.687
clear, 10, 0.01
update, 22232, 22.232
modelMatrix, 11, 0.011
viewMatrix, 12, 0.012
projectionMatrix, 10, 0.01
draw, 23336, 23.336
clear, 12, 0.012
update, 21437, 21.437
modelMatrix, 16, 0.016
viewMatrix, 18, 0.018
projectionMatrix, 10, 0.01
draw, 22672, 22.672
clear, 12, 0.012
update, 21967, 21.967
modelMatrix, 10, 0.01
viewMatrix, 14, 0.014
projectionMatrix, 11, 0.011
draw, 22979, 22.979
clear, 10, 0.01
update, 21893, 21.893
modelMatrix, 15, 0.015
viewMatrix, 14, 0.014
projectionMatrix, 10, 0.01
draw, 23013, 23.013
clear, 10, 0.01
update, 21528, 21.528
modelMatrix, 13, 0.013
viewMatrix, 16, 0.016
projectionMatrix, 9, 0.009
draw, 22538, 22.538
clear, 10, 0.01
update, 22164, 22.164
modelMatrix, 14, 0.014
viewMatrix, 11, 0.011
projectionMatrix, 12, 0.012
draw, 23292, 23.292
clear, 12, 0.012
update, 21157, 21.157
modelMatrix, 12, 0.012
viewMatrix, 13, 0.013
projectionMatrix, 8, 0.008
draw, 22335, 22.335
clear, 16, 0.016
update, 22084, 22.084
modelMatrix, 15, 0.015
viewMatrix, 14, 0.014
projectionMatrix, 10, 0.01
draw, 23206, 23.206
clear, 9, 0.009
update, 23033, 23.033
modelMatrix, 13, 0.013
viewMatrix, 16, 0.016
projectionMatrix, 11, 0.011
draw, 24273, 24.273
clear, 11, 0.011
update, 22661, 22.661
modelMatrix, 12, 0.012
viewMatrix, 18, 0.018
projectionMatrix, 10, 0.01
draw, 23794, 23.794
clear, 10, 0.01
update, 21494, 21.494
modelMatrix, 9, 0.009
viewMatrix, 16, 0.016
projectionMatrix, 9, 0.009
draw, 22497, 22.497
clear, 10, 0.01
update, 23016, 23.016
modelMatrix, 15, 0.015
viewMatrix, 12, 0.012
projectionMatrix, 12, 0.012
draw, 24147, 24.147
clear, 12, 0.012
update, 21652, 21.652
modelMatrix, 13, 0.013
viewMatrix, 17, 0.017
projectionMatrix, 9, 0.009
draw, 22790, 22.79
clear, 10, 0.01
update, 22035, 22.035
modelMatrix, 10, 0.01
viewMatrix, 14, 0.014
projectionMatrix, 8, 0.008
draw, 23035, 23.035
clear, 10, 0.01
update, 22209, 22.209
modelMatrix, 11, 0.011
viewMatrix, 13, 0.013
projectionMatrix, 13, 0.013
draw, 23320, 23.32
clear, 10, 0.01
update, 22554, 22.554
modelMatrix, 13, 0.013
viewMatrix, 15, 0.015
projectionMatrix, 10, 0.01
draw, 23822, 23.822
clear, 11, 0.011
update, 22168, 22.168
modelMatrix, 12, 0.012
viewMatrix, 13, 0.013
projectionMatrix, 8, 0.008
draw, 23184, 23.184
clear, 10, 0.01
update, 22366, 22.366
modelMatrix, 14, 0.014
viewMatrix, 12, 0.012
projectionMatrix, 9, 0.009
draw, 23464, 23.464
clear, 10, 0.01
update, 22220, 22.22
modelMatrix, 12, 0.012
viewMatrix, 23, 0.023
projectionMatrix, 20, 0.02
draw, 23297, 23.297
clear, 10, 0.01
update, 22275, 22.275
modelMatrix, 20, 0.02
viewMatrix, 16, 0.016
projectionMatrix, 12, 0.012
draw, 23431, 23.431
clear, 10, 0.01
update, 22129, 22.129
modelMatrix, 10, 0.01
viewMatrix, 14, 0.014
projectionMatrix, 11, 0.011
draw, 23292, 23.292
clear, 10, 0.01
update, 22116, 22.116
modelMatrix, 13, 0.013
viewMatrix, 15, 0.015
projectionMatrix, 9, 0.009
draw, 23310, 23.31
clear, 10, 0.01
update, 22109, 22.109
modelMatrix, 17, 0.017
viewMatrix, 13, 0.013
projectionMatrix, 9, 0.009
draw, 23194, 23.194
clear, 10, 0.01
update, 22146, 22.146
modelMatrix, 13, 0.013
viewMatrix, 13, 0.013
projectionMatrix, 8, 0.008
draw, 23236, 23.236
clear, 10, 0.01
update, 22512, 22.512
modelMatrix, 15, 0.015
viewMatrix, 22, 0.022
projectionMatrix, 16, 0.016
draw, 23589, 23.589
clear, 10, 0.01
update, 21459, 21.459
modelMatrix, 11, 0.011
viewMatrix, 13, 0.013
projectionMatrix, 10, 0.01
draw, 22600, 22.6
clear, 10, 0.01
update, 21854, 21.854
modelMatrix, 14, 0.014
viewMatrix, 12, 0.012
projectionMatrix, 11, 0.011
draw, 22909, 22.909
clear, 17, 0.017
update, 21922, 21.922
modelMatrix, 11, 0.011
viewMatrix, 14, 0.014
projectionMatrix, 9, 0.009
draw, 23028, 23.028
clear, 13, 0.013
update, 21822, 21.822
modelMatrix, 13, 0.013
viewMatrix, 16, 0.016
projectionMatrix, 7, 0.007
draw, 22792, 22.792
clear, 10, 0.01
update, 22443, 22.443
modelMatrix, 13, 0.013
viewMatrix, 15, 0.015
projectionMatrix, 9, 0.009
draw, 23547, 23.547
clear, 10, 0.01
update, 22726, 22.726
modelMatrix, 12, 0.012
viewMatrix, 17, 0.017
projectionMatrix, 10, 0.01
draw, 23848, 23.848
clear, 10, 0.01
update, 21897, 21.897
modelMatrix, 15, 0.015
viewMatrix, 18, 0.018
projectionMatrix, 10, 0.01
draw, 22998, 22.998
clear, 10, 0.01
update, 22661, 22.661
modelMatrix, 13, 0.013
viewMatrix, 14, 0.014
projectionMatrix, 8, 0.008
draw, 23714, 23.714
clear, 11, 0.011
update, 22196, 22.196
modelMatrix, 14, 0.014
viewMatrix, 20, 0.02
projectionMatrix, 17, 0.017
draw, 23409, 23.409
clear, 10, 0.01
update, 22463, 22.463
modelMatrix, 11, 0.011
viewMatrix, 14, 0.014
projectionMatrix, 12, 0.012
draw, 23515, 23.515
clear, 11, 0.011
update, 22283, 22.283
modelMatrix, 11, 0.011
viewMatrix, 13, 0.013
projectionMatrix, 11, 0.011
draw, 23526, 23.526
clear, 10, 0.01
update, 22563, 22.563
modelMatrix, 14, 0.014
viewMatrix, 12, 0.012
projectionMatrix, 11, 0.011
draw, 23649, 23.649
clear, 10, 0.01
update, 22070, 22.07
modelMatrix, 14, 0.014
viewMatrix, 13, 0.013
projectionMatrix, 13, 0.013
draw, 23186, 23.186
clear, 10, 0.01
update, 22324, 22.324
modelMatrix, 11, 0.011
viewMatrix, 11, 0.011
projectionMatrix, 9, 0.009
draw, 23419, 23.419
clear, 11, 0.011
update, 21835, 21.835
modelMatrix, 15, 0.015
viewMatrix, 17, 0.017
projectionMatrix, 11, 0.011
draw, 23200, 23.2
clear, 12, 0.012
update, 22092, 22.092
modelMatrix, 11, 0.011
viewMatrix, 16, 0.016
projectionMatrix, 9, 0.009
draw, 23154, 23.154
clear, 11, 0.011
update, 21999, 21.999
modelMatrix, 12, 0.012
viewMatrix, 14, 0.014
projectionMatrix, 9, 0.009
draw, 23188, 23.188
clear, 11, 0.011
update, 22128, 22.128
modelMatrix, 11, 0.011
viewMatrix, 20, 0.02
projectionMatrix, 8, 0.008
draw, 23084, 23.084
clear, 10, 0.01
update, 22601, 22.601
modelMatrix, 13, 0.013
viewMatrix, 22, 0.022
projectionMatrix, 21, 0.021
draw, 23724, 23.724
clear, 11, 0.011
update, 22082, 22.082
modelMatrix, 11, 0.011
viewMatrix, 25, 0.025
projectionMatrix, 8, 0.008
draw, 23091, 23.091
clear, 10, 0.01
update, 22672, 22.672
modelMatrix, 12, 0.012
viewMatrix, 15, 0.015
projectionMatrix, 7, 0.007
draw, 23685, 23.685
clear, 10, 0.01
update, 22672, 22.672
modelMatrix, 16, 0.016
viewMatrix, 19, 0.019
projectionMatrix, 8, 0.008
draw, 23771, 23.771
clear, 11, 0.011
update, 22187, 22.187
modelMatrix, 12, 0.012
viewMatrix, 14, 0.014
projectionMatrix, 10, 0.01
draw, 23216, 23.216
clear, 9, 0.009
update, 22748, 22.748
modelMatrix, 9, 0.009
viewMatrix, 14, 0.014
projectionMatrix, 9, 0.009
draw, 23725, 23.725
clear, 10, 0.01
update, 22598, 22.598
modelMatrix, 13, 0.013
viewMatrix, 16, 0.016
projectionMatrix, 10, 0.01
draw, 23750, 23.75
clear, 10, 0.01
update, 22233, 22.233
modelMatrix, 15, 0.015
viewMatrix, 13, 0.013
projectionMatrix, 9, 0.009
draw, 23329, 23.329
clear, 10, 0.01
update, 21846, 21.846
modelMatrix, 15, 0.015
viewMatrix, 16, 0.016
projectionMatrix, 11, 0.011
draw, 22836, 22.836
clear, 10, 0.01
update, 17857, 17.857
modelMatrix, 13, 0.013
viewMatrix, 23, 0.023
projectionMatrix, 17, 0.017
draw, 18872, 18.872
clear, 14, 0.014
update, 22466, 22.466
modelMatrix, 14, 0.014
viewMatrix, 13, 0.013
projectionMatrix, 7, 0.007
draw, 23408, 23.408
clear, 9, 0.009
update, 22314, 22.314
modelMatrix, 15, 0.015
viewMatrix, 14, 0.014
projectionMatrix, 10, 0.01
draw, 23413, 23.413
clear, 11, 0.011
update, 22113, 22.113
modelMatrix, 13, 0.013
viewMatrix, 18, 0.018
projectionMatrix, 10, 0.01
draw, 23241, 23.241
clear, 12, 0.012
update, 22160, 22.16
modelMatrix, 11, 0.011
viewMatrix, 15, 0.015
projectionMatrix, 9, 0.009
draw, 23135, 23.135
clear, 10, 0.01
update, 23483, 23.483
modelMatrix, 15, 0.015
viewMatrix, 14, 0.014
projectionMatrix, 11, 0.011
draw, 24600, 24.6
clear, 10, 0.01
update, 21753, 21.753
modelMatrix, 16, 0.016
viewMatrix, 13, 0.013
projectionMatrix, 11, 0.011
draw, 22873, 22.873
clear, 17, 0.017
update, 22530, 22.53
modelMatrix, 17, 0.017
viewMatrix, 13, 0.013
projectionMatrix, 10, 0.01
draw, 23660, 23.66
clear, 11, 0.011
update, 22022, 22.022
modelMatrix, 17, 0.017
viewMatrix, 23, 0.023
projectionMatrix, 16, 0.016
draw, 23189, 23.189
clear, 11, 0.011
update, 22414, 22.414
modelMatrix, 14, 0.014
viewMatrix, 23, 0.023
projectionMatrix, 21, 0.021
draw, 23576, 23.576
clear, 10, 0.01
update, 22455, 22.455
modelMatrix, 17, 0.017
viewMatrix, 16, 0.016
projectionMatrix, 10, 0.01
draw, 23629, 23.629
clear, 11, 0.011
update, 22800, 22.8
modelMatrix, 12, 0.012
viewMatrix, 13, 0.013
projectionMatrix, 8, 0.008
draw, 23856, 23.856
clear, 10, 0.01
update, 22485, 22.485
modelMatrix, 12, 0.012
viewMatrix, 25, 0.025
projectionMatrix, 18, 0.018
draw, 23647, 23.647
clear, 10, 0.01
update, 22706, 22.706
modelMatrix, 11, 0.011
viewMatrix, 15, 0.015
projectionMatrix, 9, 0.009
draw, 23820, 23.82
clear, 10, 0.01
update, 21584, 21.584
modelMatrix, 19, 0.019
viewMatrix, 15, 0.015
projectionMatrix, 11, 0.011
draw, 22661, 22.661
clear, 10, 0.01
update, 22933, 22.933
modelMatrix, 12, 0.012
viewMatrix, 13, 0.013
projectionMatrix, 9, 0.009
draw, 24030, 24.03
clear, 11, 0.011
update, 22121, 22.121
modelMatrix, 12, 0.012
viewMatrix, 14, 0.014
projectionMatrix, 12, 0.012
draw, 23182, 23.182
clear, 10, 0.01
update, 22621, 22.621
modelMatrix, 15, 0.015
viewMatrix, 14, 0.014
projectionMatrix, 12, 0.012
draw, 23753, 23.753
clear, 9, 0.009
update, 22240, 22.24
modelMatrix, 14, 0.014
viewMatrix, 17, 0.017
projectionMatrix, 10, 0.01
draw, 23382, 23.382
clear, 16, 0.016
update, 22642, 22.642
modelMatrix, 14, 0.014
viewMatrix, 18, 0.018
projectionMatrix, 11, 0.011
draw, 23813, 23.813
clear, 10, 0.01
update, 22184, 22.184
modelMatrix, 11, 0.011
viewMatrix, 16, 0.016
projectionMatrix, 9, 0.009
draw, 23203, 23.203
clear, 10, 0.01
update, 22298, 22.298
modelMatrix, 10, 0.01
viewMatrix, 13, 0.013
projectionMatrix, 9, 0.009
draw, 23436, 23.436
clear, 9, 0.009
update, 21995, 21.995
modelMatrix, 14, 0.014
viewMatrix, 33, 0.033
projectionMatrix, 18, 0.018
draw, 23156, 23.156
clear, 9, 0.009
update, 21912, 21.912
modelMatrix, 13, 0.013
viewMatrix, 14, 0.014
projectionMatrix, 10, 0.01
draw, 23006, 23.006
clear, 10, 0.01
update, 22098, 22.098
modelMatrix, 13, 0.013
viewMatrix, 13, 0.013
projectionMatrix, 9, 0.009
draw, 23184, 23.184
clear, 10, 0.01
update, 21623, 21.623
modelMatrix, 12, 0.012
viewMatrix, 13, 0.013
projectionMatrix, 9, 0.009
draw, 22705, 22.705
clear, 10, 0.01
update, 21965, 21.965
modelMatrix, 11, 0.011
viewMatrix, 18, 0.018
projectionMatrix, 8, 0.008
draw, 23151, 23.151
clear, 11, 0.011
update, 21635, 21.635
modelMatrix, 13, 0.013
viewMatrix, 16, 0.016
projectionMatrix, 9, 0.009
draw, 22797, 22.797
clear, 16, 0.016
update, 22113, 22.113
modelMatrix, 14, 0.014
viewMatrix, 15, 0.015
projectionMatrix, 9, 0.009
draw, 23173, 23.173
clear, 10, 0.01
update, 22839, 22.839
modelMatrix, 13, 0.013
viewMatrix, 16, 0.016
projectionMatrix, 11, 0.011
draw, 24046, 24.046
clear, 12, 0.012
update, 22964, 22.964
modelMatrix, 15, 0.015
viewMatrix, 21, 0.021
projectionMatrix, 16, 0.016
draw, 24152, 24.152
clear, 9, 0.009
update, 22737, 22.737
modelMatrix, 14, 0.014
viewMatrix, 17, 0.017
projectionMatrix, 8, 0.008
draw, 23932, 23.932
clear, 10, 0.01
update, 22907, 22.907
modelMatrix, 11, 0.011
viewMatrix, 25, 0.025
projectionMatrix, 19, 0.019
draw, 24097, 24.097
clear, 10, 0.01
update, 21350, 21.35
modelMatrix, 14, 0.014
viewMatrix, 14, 0.014
projectionMatrix, 10, 0.01
draw, 22522, 22.522
clear, 16, 0.016
update, 22417, 22.417
modelMatrix, 12, 0.012
viewMatrix, 14, 0.014
projectionMatrix, 9, 0.009
draw, 23461, 23.461
clear, 10, 0.01
update, 22105, 22.105
modelMatrix, 15, 0.015
viewMatrix, 12, 0.012
projectionMatrix, 9, 0.009
draw, 23248, 23.248
clear, 10, 0.01
update, 22515, 22.515
modelMatrix, 15, 0.015
viewMatrix, 10, 0.01
projectionMatrix, 7, 0.007
draw, 23454, 23.454
clear, 9, 0.009
update, 22470, 22.47
modelMatrix, 14, 0.014
viewMatrix, 17, 0.017
projectionMatrix, 11, 0.011
draw, 23590, 23.59
clear, 10, 0.01
update, 22178, 22.178
modelMatrix, 15, 0.015
viewMatrix, 27, 0.027
projectionMatrix, 9, 0.009
draw, 23332, 23.332
clear, 16, 0.016
update, 22706, 22.706
modelMatrix, 12, 0.012
viewMatrix, 12, 0.012
projectionMatrix, 9, 0.009
draw, 23827, 23.827
clear, 10, 0.01
update, 22026, 22.026
modelMatrix, 8, 0.008
viewMatrix, 19, 0.019
projectionMatrix, 9, 0.009
draw, 23145, 23.145
clear, 10, 0.01
update, 22198, 22.198
modelMatrix, 20, 0.02
viewMatrix, 19, 0.019
projectionMatrix, 14, 0.014
draw, 23501, 23.501
clear, 9, 0.009
update, 22097, 22.097
modelMatrix, 12, 0.012
viewMatrix, 20, 0.02
projectionMatrix, 17, 0.017
draw, 23353, 23.353
clear, 11, 0.011
update, 21957, 21.957
modelMatrix, 12, 0.012
viewMatrix, 18, 0.018
projectionMatrix, 13, 0.013
draw, 23109, 23.109
clear, 13, 0.013
update, 21807, 21.807
modelMatrix, 12, 0.012
viewMatrix, 19, 0.019
projectionMatrix, 8, 0.008
draw, 22885, 22.885
clear, 10, 0.01
update, 22259, 22.259
modelMatrix, 12, 0.012
viewMatrix, 14, 0.014
projectionMatrix, 9, 0.009
draw, 23354, 23.354
clear, 10, 0.01
update, 21978, 21.978
modelMatrix, 13, 0.013
viewMatrix, 18, 0.018
projectionMatrix, 9, 0.009
draw, 23142, 23.142
clear, 10, 0.01
update, 22218, 22.218
modelMatrix, 14, 0.014
viewMatrix, 15, 0.015
projectionMatrix, 8, 0.008
draw, 23340, 23.34
clear, 10, 0.01
update, 22823, 22.823
modelMatrix, 12, 0.012
viewMatrix, 21, 0.021
projectionMatrix, 11, 0.011
draw, 23981, 23.981
clear, 10, 0.01
update, 22006, 22.006
modelMatrix, 17, 0.017
viewMatrix, 13, 0.013
projectionMatrix, 9, 0.009
draw, 23167, 23.167
clear, 12, 0.012
update, 21921, 21.921
modelMatrix, 9, 0.009
viewMatrix, 37, 0.037
projectionMatrix, 19, 0.019
draw, 23274, 23.274
clear, 10, 0.01
update, 22142, 22.142
modelMatrix, 11, 0.011
viewMatrix, 18, 0.018
projectionMatrix, 9, 0.009
draw, 23288, 23.288
clear, 10, 0.01
update, 22193, 22.193
modelMatrix, 11, 0.011
viewMatrix, 16, 0.016
projectionMatrix, 9, 0.009
draw, 23344, 23.344
clear, 10, 0.01
update, 22181, 22.181
modelMatrix, 10, 0.01
viewMatrix, 15, 0.015
projectionMatrix, 10, 0.01
draw, 23236, 23.236
clear, 11, 0.011
update, 21650, 21.65
modelMatrix, 14, 0.014
viewMatrix, 28, 0.028
projectionMatrix, 22, 0.022
draw, 22840, 22.84
clear, 12, 0.012
update, 21685, 21.685
modelMatrix, 9, 0.009
viewMatrix, 14, 0.014
projectionMatrix, 9, 0.009
draw, 22825, 22.825
clear, 10, 0.01
update, 22588, 22.588
modelMatrix, 20, 0.02
viewMatrix, 17, 0.017
projectionMatrix, 9, 0.009
draw, 23844, 23.844
clear, 10, 0.01
update, 21995, 21.995
modelMatrix, 16, 0.016
viewMatrix, 14, 0.014
projectionMatrix, 10, 0.01
draw, 23135, 23.135
clear, 12, 0.012
update, 21847, 21.847
modelMatrix, 12, 0.012
viewMatrix, 13, 0.013
projectionMatrix, 9, 0.009
draw, 22932, 22.932
clear, 11, 0.011
update, 22265, 22.265
modelMatrix, 11, 0.011
viewMatrix, 15, 0.015
projectionMatrix, 10, 0.01
draw, 23378, 23.378
clear, 11, 0.011
update, 22195, 22.195
modelMatrix, 14, 0.014
viewMatrix, 13, 0.013
projectionMatrix, 11, 0.011
draw, 23336, 23.336
clear, 10, 0.01
update, 22196, 22.196
modelMatrix, 17, 0.017
viewMatrix, 27, 0.027
projectionMatrix, 17, 0.017
draw, 23307, 23.307
clear, 10, 0.01
update, 21641, 21.641
modelMatrix, 10, 0.01
viewMatrix, 13, 0.013
projectionMatrix, 9, 0.009
draw, 22725, 22.725
clear, 10, 0.01
update, 21702, 21.702
modelMatrix, 14, 0.014
viewMatrix, 21, 0.021
projectionMatrix, 19, 0.019
draw, 22874, 22.874
clear, 10, 0.01
update, 22232, 22.232
modelMatrix, 10, 0.01
viewMatrix, 14, 0.014
projectionMatrix, 9, 0.009
draw, 23333, 23.333
clear, 10, 0.01
update, 22016, 22.016
modelMatrix, 17, 0.017
viewMatrix, 23, 0.023
projectionMatrix, 8, 0.008
draw, 23181, 23.181
clear, 10, 0.01
update, 22154, 22.154
modelMatrix, 12, 0.012
viewMatrix, 15, 0.015
projectionMatrix, 10, 0.01
draw, 23208, 23.208
clear, 11, 0.011
update, 22414, 22.414
modelMatrix, 19, 0.019
viewMatrix, 14, 0.014
projectionMatrix, 11, 0.011
draw, 23577, 23.577
clear, 10, 0.01
update, 22022, 22.022
modelMatrix, 17, 0.017
viewMatrix, 17, 0.017
projectionMatrix, 10, 0.01
draw, 23047, 23.047
clear, 9, 0.009
update, 23498, 23.498
modelMatrix, 11, 0.011
viewMatrix, 14, 0.014
projectionMatrix, 10, 0.01
draw, 24533, 24.533
clear, 11, 0.011
update, 21902, 21.902
modelMatrix, 15, 0.015
viewMatrix, 26, 0.026
projectionMatrix, 18, 0.018
draw, 23046, 23.046
clear, 17, 0.017
update, 21504, 21.504
modelMatrix, 14, 0.014
viewMatrix, 17, 0.017
projectionMatrix, 10, 0.01
draw, 22687, 22.687
clear, 10, 0.01
update, 22332, 22.332
modelMatrix, 14, 0.014
viewMatrix, 15, 0.015
projectionMatrix, 10, 0.01
draw, 23448, 23.448
clear, 11, 0.011
update, 22012, 22.012
modelMatrix, 14, 0.014
viewMatrix, 15, 0.015
projectionMatrix, 9, 0.009
draw, 23193, 23.193
clear, 11, 0.011
update, 22310, 22.31
modelMatrix, 13, 0.013
viewMatrix, 13, 0.013
projectionMatrix, 10, 0.01
draw, 23401, 23.401
clear, 11, 0.011
update, 21891, 21.891
modelMatrix, 18, 0.018
viewMatrix, 15, 0.015
projectionMatrix, 9, 0.009
draw, 23073, 23.073
clear, 10, 0.01
update, 21794, 21.794
modelMatrix, 14, 0.014
viewMatrix, 16, 0.016
projectionMatrix, 9, 0.009
draw, 22875, 22.875
clear, 10, 0.01
update, 22116, 22.116
modelMatrix, 17, 0.017
viewMatrix, 22, 0.022
projectionMatrix, 16, 0.016
draw, 23255, 23.255
clear, 10, 0.01
update, 21801, 21.801
modelMatrix, 11, 0.011
viewMatrix, 12, 0.012
projectionMatrix, 12, 0.012
draw, 22924, 22.924
clear, 10, 0.01
update, 22148, 22.148
modelMatrix, 14, 0.014
viewMatrix, 17, 0.017
projectionMatrix, 8, 0.008
draw, 23265, 23.265
clear, 11, 0.011
update, 22162, 22.162
modelMatrix, 14, 0.014
viewMatrix, 14, 0.014
projectionMatrix, 9, 0.009
draw, 23258, 23.258
clear, 11, 0.011
update, 22494, 22.494
modelMatrix, 11, 0.011
viewMatrix, 16, 0.016
projectionMatrix, 9, 0.009
draw, 23667, 23.667
clear, 10, 0.01
update, 22040, 22.04
modelMatrix, 12, 0.012
viewMatrix, 25, 0.025
projectionMatrix, 18, 0.018
draw, 23147, 23.147
clear, 20, 0.02
update, 22328, 22.328
modelMatrix, 14, 0.014
viewMatrix, 21, 0.021
projectionMatrix, 11, 0.011
draw, 23468, 23.468
clear, 11, 0.011
update, 21487, 21.487
modelMatrix, 11, 0.011
viewMatrix, 20, 0.02
projectionMatrix, 7, 0.007
draw, 22398, 22.398
clear, 9, 0.009
update, 23383, 23.383
modelMatrix, 10, 0.01
viewMatrix, 14, 0.014
projectionMatrix, 10, 0.01
draw, 24576, 24.576
clear, 10, 0.01
update, 21818, 21.818
modelMatrix, 13, 0.013
viewMatrix, 26, 0.026
projectionMatrix, 9, 0.009
draw, 22889, 22.889
clear, 10, 0.01
update, 22649, 22.649
modelMatrix, 11, 0.011
viewMatrix, 24, 0.024
projectionMatrix, 17, 0.017
draw, 23837, 23.837
clear, 10, 0.01
update, 21989, 21.989
modelMatrix, 11, 0.011
viewMatrix, 20, 0.02
projectionMatrix, 9, 0.009
draw, 23081, 23.081
clear, 12, 0.012
update, 22086, 22.086
modelMatrix, 14, 0.014
viewMatrix, 21, 0.021
projectionMatrix, 22, 0.022
draw, 23420, 23.42
clear, 10, 0.01
update, 22039, 22.039
modelMatrix, 10, 0.01
viewMatrix, 14, 0.014
projectionMatrix, 8, 0.008
draw, 23087, 23.087
clear, 12, 0.012
update, 21779, 21.779
modelMatrix, 14, 0.014
viewMatrix, 13, 0.013
projectionMatrix, 11, 0.011
draw, 22967, 22.967
clear, 9, 0.009
update, 21842, 21.842
modelMatrix, 14, 0.014
viewMatrix, 13, 0.013
projectionMatrix, 10, 0.01
draw, 22914, 22.914
clear, 12, 0.012
update, 21540, 21.54
modelMatrix, 13, 0.013
viewMatrix, 25, 0.025
projectionMatrix, 10, 0.01
draw, 22688, 22.688
clear, 10, 0.01
update, 22253, 22.253
modelMatrix, 15, 0.015
viewMatrix, 18, 0.018
projectionMatrix, 8, 0.008
draw, 23396, 23.396
clear, 10, 0.01
update, 22132, 22.132
modelMatrix, 14, 0.014
viewMatrix, 11, 0.011
projectionMatrix, 10, 0.01
draw, 23263, 23.263
clear, 11, 0.011
update, 21950, 21.95
modelMatrix, 11, 0.011
viewMatrix, 23, 0.023
projectionMatrix, 17, 0.017
draw, 23108, 23.108
clear, 10, 0.01
update, 21899, 21.899
modelMatrix, 21, 0.021
viewMatrix, 17, 0.017
projectionMatrix, 11, 0.011
draw, 23119, 23.119
clear, 10, 0.01
update, 22656, 22.656
modelMatrix, 11, 0.011
viewMatrix, 10, 0.01
projectionMatrix, 10, 0.01
draw, 23645, 23.645
clear, 10, 0.01
update, 22108, 22.108
modelMatrix, 16, 0.016
viewMatrix, 16, 0.016
projectionMatrix, 10, 0.01
draw, 23307, 23.307
clear, 12, 0.012
update, 22285, 22.285
modelMatrix, 11, 0.011
viewMatrix, 11, 0.011
projectionMatrix, 10, 0.01
draw, 23358, 23.358
clear, 10, 0.01
update, 22770, 22.77
modelMatrix, 13, 0.013
viewMatrix, 15, 0.015
projectionMatrix, 11, 0.011
draw, 23875, 23.875
clear, 11, 0.011
update, 21956, 21.956
modelMatrix, 11, 0.011
viewMatrix, 14, 0.014
projectionMatrix, 8, 0.008
draw, 22945, 22.945
clear, 15, 0.015
update, 23040, 23.04
modelMatrix, 13, 0.013
viewMatrix, 13, 0.013
projectionMatrix, 9, 0.009
draw, 24169, 24.169
clear, 17, 0.017
update, 23144, 23.144
modelMatrix, 12, 0.012
viewMatrix, 17, 0.017
projectionMatrix, 10, 0.01
draw, 24283, 24.283
clear, 11, 0.011
update, 22019, 22.019
modelMatrix, 14, 0.014
viewMatrix, 22, 0.022
projectionMatrix, 8, 0.008
draw, 23113, 23.113
clear, 10, 0.01
update, 23072, 23.072
modelMatrix, 15, 0.015
viewMatrix, 15, 0.015
projectionMatrix, 10, 0.01
draw, 24192, 24.192
clear, 10, 0.01
update, 22108, 22.108
modelMatrix, 14, 0.014
viewMatrix, 22, 0.022
projectionMatrix, 10, 0.01
draw, 23384, 23.384
clear, 10, 0.01
update, 22029, 22.029
modelMatrix, 15, 0.015
viewMatrix, 12, 0.012
projectionMatrix, 11, 0.011
draw, 23213, 23.213
clear, 10, 0.01
update, 22484, 22.484
modelMatrix, 14, 0.014
viewMatrix, 14, 0.014
projectionMatrix, 13, 0.013
draw, 23649, 23.649
clear, 10, 0.01
update, 22304, 22.304
modelMatrix, 15, 0.015
viewMatrix, 16, 0.016
projectionMatrix, 12, 0.012
draw, 23463, 23.463
clear, 10, 0.01
update, 22105, 22.105
modelMatrix, 12, 0.012
viewMatrix, 23, 0.023
projectionMatrix, 18, 0.018
draw, 23265, 23.265
clear, 12, 0.012
update, 22205, 22.205
modelMatrix, 19, 0.019
viewMatrix, 16, 0.016
projectionMatrix, 14, 0.014
draw, 23478, 23.478
clear, 10, 0.01
update, 22239, 22.239
modelMatrix, 15, 0.015
viewMatrix, 15, 0.015
projectionMatrix, 10, 0.01
draw, 23468, 23.468
clear, 10, 0.01
update, 22360, 22.36
modelMatrix, 11, 0.011
viewMatrix, 11, 0.011
projectionMatrix, 9, 0.009
draw, 23434, 23.434
clear, 11, 0.011
update, 22279, 22.279
modelMatrix, 16, 0.016
viewMatrix, 15, 0.015
projectionMatrix, 10, 0.01
draw, 23460, 23.46
clear, 10, 0.01
update, 22201, 22.201
modelMatrix, 14, 0.014
viewMatrix, 14, 0.014
projectionMatrix, 9, 0.009
draw, 23354, 23.354
clear, 10, 0.01
update, 21844, 21.844
modelMatrix, 14, 0.014
viewMatrix, 14, 0.014
projectionMatrix, 12, 0.012
draw, 22918, 22.918
clear, 10, 0.01
update, 21622, 21.622
modelMatrix, 15, 0.015
viewMatrix, 27, 0.027
projectionMatrix, 9, 0.009
draw, 22785, 22.785
clear, 10, 0.01
update, 22036, 22.036
modelMatrix, 14, 0.014
viewMatrix, 16, 0.016
projectionMatrix, 12, 0.012
draw, 23207, 23.207
clear, 9, 0.009
update, 22682, 22.682
modelMatrix, 42, 0.042
viewMatrix, 15, 0.015
projectionMatrix, 10, 0.01
draw, 24130, 24.13
clear, 10, 0.01
update, 21982, 21.982
modelMatrix, 11, 0.011
viewMatrix, 17, 0.017
projectionMatrix, 8, 0.008
draw, 22931, 22.931
clear, 8, 0.008
update, 23144, 23.144
modelMatrix, 18, 0.018
viewMatrix, 25, 0.025
projectionMatrix, 18, 0.018
draw, 24343, 24.343
clear, 11, 0.011
update, 22145, 22.145
modelMatrix, 12, 0.012
viewMatrix, 16, 0.016
projectionMatrix, 10, 0.01
draw, 23340, 23.34
clear, 11, 0.011
update, 21686, 21.686
modelMatrix, 16, 0.016
viewMatrix, 24, 0.024
projectionMatrix, 21, 0.021
draw, 22856, 22.856
clear, 12, 0.012
update, 21463, 21.463
modelMatrix, 13, 0.013
viewMatrix, 14, 0.014
projectionMatrix, 12, 0.012
draw, 22635, 22.635
clear, 10, 0.01
update, 21805, 21.805
modelMatrix, 13, 0.013
viewMatrix, 15, 0.015
projectionMatrix, 12, 0.012
draw, 23004, 23.004
clear, 10, 0.01
update, 22141, 22.141
modelMatrix, 10, 0.01
viewMatrix, 15, 0.015
projectionMatrix, 11, 0.011
draw, 23314, 23.314
clear, 10, 0.01
update, 22488, 22.488
modelMatrix, 13, 0.013
viewMatrix, 12, 0.012
projectionMatrix, 8, 0.008
draw, 23546, 23.546
clear, 10, 0.01
update, 22257, 22.257
modelMatrix, 12, 0.012
viewMatrix, 14, 0.014
projectionMatrix, 11, 0.011
draw, 23420, 23.42
clear, 10, 0.01
update, 22376, 22.376
modelMatrix, 10, 0.01
viewMatrix, 11, 0.011
projectionMatrix, 9, 0.009
draw, 23426, 23.426
clear, 10, 0.01
update, 21802, 21.802
modelMatrix, 15, 0.015
viewMatrix, 18, 0.018
projectionMatrix, 10, 0.01
draw, 23005, 23.005
clear, 10, 0.01
update, 21616, 21.616
modelMatrix, 30, 0.03
viewMatrix, 11, 0.011
projectionMatrix, 8, 0.008
draw, 22693, 22.693
clear, 10, 0.01
update, 22566, 22.566
modelMatrix, 16, 0.016
viewMatrix, 16, 0.016
projectionMatrix, 8, 0.008
draw, 23696, 23.696
clear, 11, 0.011
update, 22029, 22.029
modelMatrix, 16, 0.016
viewMatrix, 24, 0.024
projectionMatrix, 18, 0.018
draw, 23205, 23.205
clear, 18, 0.018
update, 22584, 22.584
modelMatrix, 14, 0.014
viewMatrix, 14, 0.014
projectionMatrix, 7, 0.007
draw, 23676, 23.676
clear, 11, 0.011
update, 22113, 22.113
modelMatrix, 11, 0.011
viewMatrix, 14, 0.014
projectionMatrix, 9, 0.009
draw, 23216, 23.216
clear, 10, 0.01
update, 22757, 22.757
modelMatrix, 13, 0.013
viewMatrix, 12, 0.012
projectionMatrix, 10, 0.01
draw, 23911, 23.911
clear, 9, 0.009
update, 22079, 22.079
modelMatrix, 11, 0.011
viewMatrix, 16, 0.016
projectionMatrix, 10, 0.01
draw, 23144, 23.144
clear, 10, 0.01
update, 22658, 22.658
modelMatrix, 14, 0.014
viewMatrix, 16, 0.016
projectionMatrix, 12, 0.012
draw, 23996, 23.996
clear, 10, 0.01
update, 23870, 23.87
modelMatrix, 14, 0.014
viewMatrix, 19, 0.019
projectionMatrix, 9, 0.009
draw, 24945, 24.945
clear, 10, 0.01
update, 23288, 23.288
modelMatrix, 47, 0.047
viewMatrix, 18, 0.018
projectionMatrix, 8, 0.008
draw, 24627, 24.627
clear, 11, 0.011
update, 22212, 22.212
modelMatrix, 13, 0.013
viewMatrix, 15, 0.015
projectionMatrix, 11, 0.011
draw, 23314, 23.314
clear, 11, 0.011
update, 22753, 22.753
modelMatrix, 12, 0.012
viewMatrix, 15, 0.015
projectionMatrix, 9, 0.009
draw, 23949, 23.949
clear, 10, 0.01
update, 21960, 21.96
modelMatrix, 12, 0.012
viewMatrix, 14, 0.014
projectionMatrix, 9, 0.009
draw, 23019, 23.019
clear, 10, 0.01
update, 22300, 22.3
modelMatrix, 11, 0.011
viewMatrix, 13, 0.013
projectionMatrix, 8, 0.008
draw, 23416, 23.416
clear, 16, 0.016
update, 22011, 22.011
modelMatrix, 11, 0.011
viewMatrix, 16, 0.016
projectionMatrix, 11, 0.011
draw, 23161, 23.161
clear, 9, 0.009
update, 22128, 22.128
modelMatrix, 13, 0.013
viewMatrix, 20, 0.02
projectionMatrix, 17, 0.017
draw, 23251, 23.251
clear, 10, 0.01
update, 22069, 22.069
modelMatrix, 14, 0.014
viewMatrix, 14, 0.014
projectionMatrix, 9, 0.009
draw, 23180, 23.18
clear, 10, 0.01
update, 21734, 21.734
modelMatrix, 29, 0.029
viewMatrix, 15, 0.015
projectionMatrix, 8, 0.008
draw, 22830, 22.83
clear, 10, 0.01
update, 22403, 22.403
modelMatrix, 11, 0.011
viewMatrix, 26, 0.026
projectionMatrix, 8, 0.008
draw, 23556, 23.556
clear, 10, 0.01
update, 21721, 21.721
modelMatrix, 12, 0.012
viewMatrix, 13, 0.013
projectionMatrix, 11, 0.011
draw, 22944, 22.944
clear, 10, 0.01
update, 22476, 22.476
modelMatrix, 17, 0.017
viewMatrix, 21, 0.021
projectionMatrix, 12, 0.012
draw, 23686, 23.686
clear, 11, 0.011
update, 22043, 22.043
modelMatrix, 17, 0.017
viewMatrix, 14, 0.014
projectionMatrix, 9, 0.009
draw, 23173, 23.173
clear, 12, 0.012
update, 21995, 21.995
modelMatrix, 13, 0.013
viewMatrix, 12, 0.012
projectionMatrix, 9, 0.009
draw, 23151, 23.151
clear, 13, 0.013
update, 21816, 21.816
modelMatrix, 10, 0.01
viewMatrix, 14, 0.014
projectionMatrix, 9, 0.009
draw, 22918, 22.918
clear, 10, 0.01
update, 22529, 22.529
modelMatrix, 14, 0.014
viewMatrix, 13, 0.013
projectionMatrix, 8, 0.008
draw, 23606, 23.606
clear, 10, 0.01
update, 22268, 22.268
modelMatrix, 12, 0.012
viewMatrix, 13, 0.013
projectionMatrix, 9, 0.009
draw, 23355, 23.355
clear, 10, 0.01
update, 22554, 22.554
modelMatrix, 11, 0.011
viewMatrix, 24, 0.024
projectionMatrix, 17, 0.017
draw, 23775, 23.775
clear, 11, 0.011
update, 22854, 22.854
modelMatrix, 16, 0.016
viewMatrix, 16, 0.016
projectionMatrix, 11, 0.011
draw, 24092, 24.092
clear, 10, 0.01
update, 21915, 21.915
modelMatrix, 14, 0.014
viewMatrix, 21, 0.021
projectionMatrix, 10, 0.01
draw, 23197, 23.197
clear, 13, 0.013
update, 21770, 21.77
modelMatrix, 17, 0.017
viewMatrix, 16, 0.016
projectionMatrix, 11, 0.011
draw, 22988, 22.988
clear, 10, 0.01
update, 21737, 21.737
modelMatrix, 15, 0.015
viewMatrix, 23, 0.023
projectionMatrix, 9, 0.009
draw, 22895, 22.895
clear, 10, 0.01
update, 22191, 22.191
modelMatrix, 12, 0.012
viewMatrix, 13, 0.013
projectionMatrix, 9, 0.009
draw, 23279, 23.279
clear, 12, 0.012
update, 21361, 21.361
modelMatrix, 16, 0.016
viewMatrix, 14, 0.014
projectionMatrix, 8, 0.008
draw, 22503, 22.503
clear, 11, 0.011
update, 21879, 21.879
modelMatrix, 15, 0.015
viewMatrix, 12, 0.012
projectionMatrix, 9, 0.009
draw, 22999, 22.999
clear, 11, 0.011
update, 21973, 21.973
modelMatrix, 12, 0.012
viewMatrix, 14, 0.014
projectionMatrix, 10, 0.01
draw, 23098, 23.098
clear, 18, 0.018
update, 22177, 22.177
modelMatrix, 15, 0.015
viewMatrix, 14, 0.014
projectionMatrix, 10, 0.01
draw, 23420, 23.42
clear, 10, 0.01
update, 22127, 22.127
modelMatrix, 10, 0.01
viewMatrix, 14, 0.014
projectionMatrix, 8, 0.008
draw, 23177, 23.177
clear, 10, 0.01
update, 22302, 22.302
modelMatrix, 13, 0.013
viewMatrix, 16, 0.016
projectionMatrix, 8, 0.008
draw, 23435, 23.435
clear, 11, 0.011
update, 21947, 21.947
modelMatrix, 10, 0.01
viewMatrix, 15, 0.015
projectionMatrix, 10, 0.01
draw, 23037, 23.037
clear, 10, 0.01
update, 22574, 22.574
modelMatrix, 15, 0.015
viewMatrix, 11, 0.011
projectionMatrix, 10, 0.01
draw, 23661, 23.661
clear, 10, 0.01
update, 22238, 22.238
modelMatrix, 11, 0.011
viewMatrix, 24, 0.024
projectionMatrix, 18, 0.018
draw, 23351, 23.351
clear, 13, 0.013
update, 22141, 22.141
modelMatrix, 15, 0.015
viewMatrix, 15, 0.015
projectionMatrix, 9, 0.009
draw, 23256, 23.256
clear, 10, 0.01
update, 21968, 21.968
modelMatrix, 16, 0.016
viewMatrix, 18, 0.018
projectionMatrix, 19, 0.019
draw, 23243, 23.243
clear, 10, 0.01
update, 22235, 22.235
modelMatrix, 19, 0.019
viewMatrix, 15, 0.015
projectionMatrix, 11, 0.011
draw, 23457, 23.457
clear, 10, 0.01
update, 21919, 21.919
modelMatrix, 14, 0.014
viewMatrix, 24, 0.024
projectionMatrix, 21, 0.021
draw, 23141, 23.141
clear, 10, 0.01
update, 22799, 22.799
modelMatrix, 16, 0.016
viewMatrix, 22, 0.022
projectionMatrix, 18, 0.018
draw, 24179, 24.179
clear, 10, 0.01
update, 22914, 22.914
modelMatrix, 16, 0.016
viewMatrix, 17, 0.017
projectionMatrix, 8, 0.008
draw, 23973, 23.973
clear, 9, 0.009
update, 22724, 22.724
modelMatrix, 11, 0.011
viewMatrix, 16, 0.016
projectionMatrix, 11, 0.011
draw, 24081, 24.081
clear, 11, 0.011
update, 21939, 21.939
modelMatrix, 12, 0.012
viewMatrix, 30, 0.03
projectionMatrix, 21, 0.021
draw, 23139, 23.139
clear, 10, 0.01
update, 22175, 22.175
modelMatrix, 13, 0.013
viewMatrix, 12, 0.012
projectionMatrix, 15, 0.015
draw, 23389, 23.389
clear, 11, 0.011
update, 22135, 22.135
modelMatrix, 15, 0.015
viewMatrix, 12, 0.012
projectionMatrix, 9, 0.009
draw, 23163, 23.163
clear, 12, 0.012
update, 21543, 21.543
modelMatrix, 14, 0.014
viewMatrix, 16, 0.016
projectionMatrix, 10, 0.01
draw, 22746, 22.746
clear, 11, 0.011
update, 21831, 21.831
modelMatrix, 15, 0.015
viewMatrix, 15, 0.015
projectionMatrix, 10, 0.01
draw, 23089, 23.089
clear, 11, 0.011
update, 22498, 22.498
modelMatrix, 12, 0.012
viewMatrix, 22, 0.022
projectionMatrix, 21, 0.021
draw, 23702, 23.702
clear, 10, 0.01
update, 22032, 22.032
modelMatrix, 12, 0.012
viewMatrix, 12, 0.012
projectionMatrix, 9, 0.009
draw, 23149, 23.149
clear, 12, 0.012
update, 22093, 22.093
modelMatrix, 12, 0.012
viewMatrix, 11, 0.011
projectionMatrix, 11, 0.011
draw, 23211, 23.211
clear, 10, 0.01
update, 22067, 22.067
modelMatrix, 12, 0.012
viewMatrix, 24, 0.024
projectionMatrix, 11, 0.011
draw, 23274, 23.274
clear, 10, 0.01
update, 21796, 21.796
modelMatrix, 16, 0.016
viewMatrix, 13, 0.013
projectionMatrix, 10, 0.01
draw, 22955, 22.955
clear, 10, 0.01
update, 21847, 21.847
modelMatrix, 15, 0.015
viewMatrix, 15, 0.015
projectionMatrix, 9, 0.009
draw, 22911, 22.911
clear, 10, 0.01
update, 22011, 22.011
modelMatrix, 16, 0.016
viewMatrix, 16, 0.016
projectionMatrix, 11, 0.011
draw, 23204, 23.204
clear, 10, 0.01
update, 22615, 22.615
modelMatrix, 11, 0.011
viewMatrix, 12, 0.012
projectionMatrix, 10, 0.01
draw, 23635, 23.635
clear, 14, 0.014
update, 21953, 21.953
modelMatrix, 15, 0.015
viewMatrix, 17, 0.017
projectionMatrix, 9, 0.009
draw, 23098, 23.098
clear, 10, 0.01
update, 22715, 22.715
modelMatrix, 17, 0.017
viewMatrix, 17, 0.017
projectionMatrix, 9, 0.009
draw, 23837, 23.837
clear, 11, 0.011
update, 22357, 22.357
modelMatrix, 17, 0.017
viewMatrix, 14, 0.014
projectionMatrix, 11, 0.011
draw, 23478, 23.478
clear, 10, 0.01
update, 22836, 22.836
modelMatrix, 10, 0.01
viewMatrix, 16, 0.016
projectionMatrix, 9, 0.009
draw, 23917, 23.917
clear, 10, 0.01
update, 22188, 22.188
modelMatrix, 18, 0.018
viewMatrix, 23, 0.023
projectionMatrix, 21, 0.021
draw, 23397, 23.397
clear, 11, 0.011
update, 22005, 22.005
modelMatrix, 10, 0.01
viewMatrix, 14, 0.014
projectionMatrix, 11, 0.011
draw, 23143, 23.143
clear, 15, 0.015
update, 22033, 22.033
modelMatrix, 17, 0.017
viewMatrix, 14, 0.014
projectionMatrix, 10, 0.01
draw, 23362, 23.362
clear, 10, 0.01
update, 22183, 22.183
modelMatrix, 10, 0.01
viewMatrix, 20, 0.02
projectionMatrix, 19, 0.019
draw, 23295, 23.295
clear, 12, 0.012
update, 21497, 21.497
modelMatrix, 13, 0.013
viewMatrix, 13, 0.013
projectionMatrix, 8, 0.008
draw, 22632, 22.632
clear, 11, 0.011
update, 21743, 21.743
modelMatrix, 10, 0.01
viewMatrix, 14, 0.014
projectionMatrix, 7, 0.007
draw, 22783, 22.783
clear, 10, 0.01
update, 22854, 22.854
modelMatrix, 12, 0.012
viewMatrix, 17, 0.017
projectionMatrix, 9, 0.009
draw, 23951, 23.951
clear, 10, 0.01
update, 22223, 22.223
modelMatrix, 12, 0.012
viewMatrix, 18, 0.018
projectionMatrix, 11, 0.011
draw, 23341, 23.341
clear, 10, 0.01
update, 22116, 22.116
modelMatrix, 13, 0.013
viewMatrix, 15, 0.015
projectionMatrix, 8, 0.008
draw, 23305, 23.305
clear, 11, 0.011
update, 21885, 21.885
modelMatrix, 16, 0.016
viewMatrix, 19, 0.019
projectionMatrix, 8, 0.008
draw, 23043, 23.043
clear, 12, 0.012
update, 22409, 22.409
modelMatrix, 12, 0.012
viewMatrix, 13, 0.013
projectionMatrix, 12, 0.012
draw, 23600, 23.6
clear, 10, 0.01
update, 22030, 22.03
modelMatrix, 13, 0.013
viewMatrix, 14, 0.014
projectionMatrix, 8, 0.008
draw, 22965, 22.965
clear, 10, 0.01
update, 22794, 22.794
modelMatrix, 12, 0.012
viewMatrix, 13, 0.013
projectionMatrix, 9, 0.009
draw, 23918, 23.918
clear, 10, 0.01
update, 22421, 22.421
modelMatrix, 15, 0.015
viewMatrix, 22, 0.022
projectionMatrix, 10, 0.01
draw, 23580, 23.58
clear, 11, 0.011
update, 22190, 22.19
modelMatrix, 12, 0.012
viewMatrix, 14, 0.014
projectionMatrix, 8, 0.008
draw, 23305, 23.305
clear, 10, 0.01
update, 22017, 22.017
modelMatrix, 15, 0.015
viewMatrix, 18, 0.018
projectionMatrix, 9, 0.009
draw, 23140, 23.14
clear, 10, 0.01
update, 22099, 22.099
modelMatrix, 12, 0.012
viewMatrix, 18, 0.018
projectionMatrix, 10, 0.01
draw, 23393, 23.393
clear, 9, 0.009
update, 22688, 22.688
modelMatrix, 14, 0.014
viewMatrix, 14, 0.014
projectionMatrix, 9, 0.009
draw, 23692, 23.692
clear, 10, 0.01
update, 22394, 22.394
modelMatrix, 18, 0.018
viewMatrix, 15, 0.015
projectionMatrix, 12, 0.012
draw, 23725, 23.725
clear, 10, 0.01
update, 21238, 21.238
modelMatrix, 13, 0.013
viewMatrix, 17, 0.017
projectionMatrix, 10, 0.01
draw, 22507, 22.507
clear, 10, 0.01
update, 22669, 22.669
modelMatrix, 16, 0.016
viewMatrix, 21, 0.021
projectionMatrix, 11, 0.011
draw, 23900, 23.9
clear, 10, 0.01
update, 22198, 22.198
modelMatrix, 13, 0.013
viewMatrix, 13, 0.013
projectionMatrix, 9, 0.009
draw, 23299, 23.299
clear, 11, 0.011
update, 22387, 22.387
modelMatrix, 9, 0.009
viewMatrix, 13, 0.013
projectionMatrix, 8, 0.008
draw, 23468, 23.468
clear, 10, 0.01
update, 22054, 22.054
modelMatrix, 13, 0.013
viewMatrix, 16, 0.016
projectionMatrix, 8, 0.008
draw, 23146, 23.146
clear, 10, 0.01
update, 21787, 21.787
modelMatrix, 12, 0.012
viewMatrix, 19, 0.019
projectionMatrix, 8, 0.008
draw, 22862, 22.862
clear, 10, 0.01
update, 22205, 22.205
modelMatrix, 11, 0.011
viewMatrix, 13, 0.013
projectionMatrix, 11, 0.011
draw, 23206, 23.206
clear, 10, 0.01
update, 21491, 21.491
modelMatrix, 13, 0.013
viewMatrix, 12, 0.012
projectionMatrix, 9, 0.009
draw, 22689, 22.689
clear, 18, 0.018
update, 22228, 22.228
modelMatrix, 10, 0.01
viewMatrix, 15, 0.015
projectionMatrix, 9, 0.009
draw, 23249, 23.249
clear, 10, 0.01
update, 22482, 22.482
modelMatrix, 13, 0.013
viewMatrix, 16, 0.016
projectionMatrix, 10, 0.01
draw, 23650, 23.65
clear, 11, 0.011
update, 22741, 22.741
modelMatrix, 16, 0.016
viewMatrix, 22, 0.022
projectionMatrix, 10, 0.01
draw, 23844, 23.844
clear, 10, 0.01
update, 22207, 22.207
modelMatrix, 12, 0.012
viewMatrix, 16, 0.016
projectionMatrix, 9, 0.009
draw, 23337, 23.337
clear, 9, 0.009
update, 22730, 22.73
modelMatrix, 13, 0.013
viewMatrix, 27, 0.027
projectionMatrix, 16, 0.016
draw, 23858, 23.858
clear, 10, 0.01
update, 21655, 21.655
modelMatrix, 12, 0.012
viewMatrix, 25, 0.025
projectionMatrix, 16, 0.016
draw, 22857, 22.857
clear, 10, 0.01
update, 22250, 22.25
modelMatrix, 13, 0.013
viewMatrix, 26, 0.026
projectionMatrix, 19, 0.019
draw, 23462, 23.462
clear, 17, 0.017
update, 22273, 22.273
modelMatrix, 13, 0.013
viewMatrix, 15, 0.015
projectionMatrix, 13, 0.013
draw, 23515, 23.515
clear, 9, 0.009
update, 22323, 22.323
modelMatrix, 10, 0.01
viewMatrix, 12, 0.012
projectionMatrix, 9, 0.009
draw, 23380, 23.38
clear, 10, 0.01
update, 22129, 22.129
modelMatrix, 18, 0.018
viewMatrix, 15, 0.015
projectionMatrix, 8, 0.008
draw, 23268, 23.268
clear, 12, 0.012
update, 21908, 21.908
modelMatrix, 14, 0.014
viewMatrix, 13, 0.013
projectionMatrix, 11, 0.011
draw, 23031, 23.031
clear, 11, 0.011
update, 19220, 19.22
modelMatrix, 14, 0.014
viewMatrix, 16, 0.016
projectionMatrix, 10, 0.01
draw, 20390, 20.39
clear, 9, 0.009
update, 19376, 19.376
modelMatrix, 15, 0.015
viewMatrix, 12, 0.012
projectionMatrix, 10, 0.01
draw, 20409, 20.409
clear, 10, 0.01
update, 13862, 13.862
modelMatrix, 16, 0.016
viewMatrix, 13, 0.013
projectionMatrix, 12, 0.012
draw, 15039, 15.039
clear, 10, 0.01
update, 13807, 13.807
modelMatrix, 14, 0.014
viewMatrix, 13, 0.013
projectionMatrix, 9, 0.009
draw, 14869, 14.869
clear, 10, 0.01
update, 10426, 10.426
modelMatrix, 6, 0.006
viewMatrix, 9, 0.009
projectionMatrix, 7, 0.007
draw, 11159, 11.159
clear, 10, 0.01
update, 9479, 9.479
modelMatrix, 13, 0.013
viewMatrix, 14, 0.014
projectionMatrix, 8, 0.008
draw, 10359, 10.359
clear, 7, 0.007
update, 6854, 6.854
modelMatrix, 13, 0.013
viewMatrix, 13, 0.013
projectionMatrix, 12, 0.012
draw, 8027, 8.027
clear, 8, 0.008
update, 6418, 6.418
modelMatrix, 6, 0.006
viewMatrix, 9, 0.009
projectionMatrix, 8, 0.008
draw, 7317, 7.317
clear, 12, 0.012
update, 2520, 2.52
modelMatrix, 5, 0.005
viewMatrix, 7, 0.007
projectionMatrix, 6, 0.006
draw, 3139, 3.139
clear, 14, 0.014
update, 3066, 3.066
modelMatrix, 11, 0.011
viewMatrix, 12, 0.012
projectionMatrix, 9, 0.009
draw, 4076, 4.076
clear, 16, 0.016
update, 3375, 3.375
modelMatrix, 11, 0.011
viewMatrix, 6, 0.006
projectionMatrix, 6, 0.006
draw, 3992, 3.992
clear, 13, 0.013
update, 2522, 2.522
modelMatrix, 5, 0.005
viewMatrix, 7, 0.007
projectionMatrix, 19, 0.019
draw, 3225, 3.225
clear, 12, 0.012
update, 3351, 3.351
modelMatrix, 15, 0.015
viewMatrix, 8, 0.008
projectionMatrix, 10, 0.01
draw, 4235, 4.235
clear, 33, 0.033
update, 3147, 3.147
modelMatrix, 6, 0.006
viewMatrix, 9, 0.009
projectionMatrix, 7, 0.007
draw, 3907, 3.907
clear, 12, 0.012
update, 2450, 2.45
modelMatrix, 7, 0.007
viewMatrix, 8, 0.008
projectionMatrix, 8, 0.008
draw, 3232, 3.232
clear, 11, 0.011
update, 4027, 4.027
modelMatrix, 7, 0.007
viewMatrix, 8, 0.008
projectionMatrix, 7, 0.007
draw, 4809, 4.809
clear, 11, 0.011
update, 2378, 2.378
modelMatrix, 4, 0.004
viewMatrix, 6, 0.006
projectionMatrix, 5, 0.005
draw, 3069, 3.069
clear, 13, 0.013
update, 3607, 3.607
modelMatrix, 12, 0.012
viewMatrix, 7, 0.007
projectionMatrix, 6, 0.006
draw, 4245, 4.245
clear, 13, 0.013
update, 3714, 3.714
modelMatrix, 12, 0.012
viewMatrix, 13, 0.013
projectionMatrix, 5, 0.005
draw, 4627, 4.627
clear, 12, 0.012
update, 3151, 3.151
modelMatrix, 4, 0.004
viewMatrix, 7, 0.007
projectionMatrix, 6, 0.006
draw, 3745, 3.745
clear, 11, 0.011
update, 2434, 2.434
modelMatrix, 5, 0.005
viewMatrix, 13, 0.013
projectionMatrix, 6, 0.006
draw, 3207, 3.207
clear, 14, 0.014
update, 3261, 3.261
modelMatrix, 4, 0.004
viewMatrix, 5, 0.005
projectionMatrix, 5, 0.005
draw, 3822, 3.822
clear, 16, 0.016
update, 2720, 2.72
modelMatrix, 15, 0.015
viewMatrix, 13, 0.013
projectionMatrix, 9, 0.009
draw, 3710, 3.71
clear, 10, 0.01
update, 3313, 3.313
modelMatrix, 4, 0.004
viewMatrix, 5, 0.005
projectionMatrix, 5, 0.005
draw, 3824, 3.824
clear, 13, 0.013
update, 2547, 2.547
modelMatrix, 5, 0.005
viewMatrix, 7, 0.007
projectionMatrix, 6, 0.006
draw, 3174, 3.174
clear, 18, 0.018
update, 3284, 3.284
modelMatrix, 7, 0.007
viewMatrix, 9, 0.009
projectionMatrix, 7, 0.007
draw, 4075, 4.075
clear, 13, 0.013
update, 3747, 3.747
modelMatrix, 12, 0.012
viewMatrix, 15, 0.015
projectionMatrix, 9, 0.009
draw, 4629, 4.629
clear, 10, 0.01
update, 3204, 3.204
modelMatrix, 3, 0.003
viewMatrix, 5, 0.005
projectionMatrix, 4, 0.004
draw, 3611, 3.611
clear, 28, 0.028
update, 2516, 2.516
modelMatrix, 5, 0.005
viewMatrix, 7, 0.007
projectionMatrix, 6, 0.006
draw, 3094, 3.094
clear, 16, 0.016
update, 3246, 3.246
modelMatrix, 4, 0.004
viewMatrix, 5, 0.005
projectionMatrix, 5, 0.005
draw, 3705, 3.705
clear, 10, 0.01
update, 2734, 2.734
modelMatrix, 4, 0.004
viewMatrix, 5, 0.005
projectionMatrix, 5, 0.005
draw, 3234, 3.234
clear, 10, 0.01
update, 3222, 3.222
modelMatrix, 5, 0.005
viewMatrix, 7, 0.007
projectionMatrix, 5, 0.005
draw, 3842, 3.842
clear, 12, 0.012
update, 2493, 2.493
modelMatrix, 4, 0.004
viewMatrix, 7, 0.007
projectionMatrix, 6, 0.006
draw, 3095, 3.095
clear, 14, 0.014
update, 3317, 3.317
modelMatrix, 6, 0.006
viewMatrix, 16, 0.016
projectionMatrix, 7, 0.007
draw, 4187, 4.187
clear, 12, 0.012
update, 2555, 2.555
modelMatrix, 5, 0.005
viewMatrix, 7, 0.007
projectionMatrix, 15, 0.015
draw, 3293, 3.293
clear, 11, 0.011
update, 3354, 3.354
modelMatrix, 14, 0.014
viewMatrix, 9, 0.009
projectionMatrix, 7, 0.007
draw, 4110, 4.11
clear, 13, 0.013
update, 4293, 4.293
modelMatrix, 12, 0.012
viewMatrix, 6, 0.006
projectionMatrix, 5, 0.005
draw, 5194, 5.194
clear, 16, 0.016
update, 3248, 3.248
modelMatrix, 5, 0.005
viewMatrix, 6, 0.006
projectionMatrix, 6, 0.006
draw, 3850, 3.85
clear, 12, 0.012
update, 2409, 2.409
modelMatrix, 5, 0.005
viewMatrix, 6, 0.006
projectionMatrix, 16, 0.016
draw, 3230, 3.23
clear, 10, 0.01
update, 3164, 3.164
modelMatrix, 4, 0.004
viewMatrix, 5, 0.005
projectionMatrix, 4, 0.004
draw, 3617, 3.617
clear, 18, 0.018
update, 2500, 2.5
modelMatrix, 4, 0.004
viewMatrix, 5, 0.005
projectionMatrix, 4, 0.004
draw, 2998, 2.998
clear, 12, 0.012
update, 3404, 3.404
modelMatrix, 4, 0.004
viewMatrix, 6, 0.006
projectionMatrix, 5, 0.005
draw, 3910, 3.91
clear, 12, 0.012
update, 2735, 2.735
modelMatrix, 4, 0.004
viewMatrix, 6, 0.006
projectionMatrix, 5, 0.005
draw, 3315, 3.315
clear, 12, 0.012
update, 3202, 3.202
modelMatrix, 5, 0.005
viewMatrix, 7, 0.007
projectionMatrix, 6, 0.006
draw, 3857, 3.857
clear, 9, 0.009
update, 3928, 3.928
modelMatrix, 11, 0.011
viewMatrix, 17, 0.017
projectionMatrix, 8, 0.008
draw, 4785, 4.785
