Renderer, 47, 0.047
init, 44876, 44.876
clear, 33, 0.033
update, 672, 0.672
modelMatrix, 19, 0.019
viewMatrix, 9, 0.009
projectionMatrix, 8, 0.008
draw, 3405, 3.405
clear, 19, 0.019
update, 773, 0.773
modelMatrix, 5, 0.005
viewMatrix, 7, 0.007
projectionMatrix, 6, 0.006
draw, 1236, 1.236
clear, 11, 0.011
update, 568, 0.568
modelMatrix, 4, 0.004
viewMatrix, 5, 0.005
projectionMatrix, 5, 0.005
draw, 954, 0.954
clear, 8, 0.008
update, 519, 0.519
modelMatrix, 4, 0.004
viewMatrix, 5, 0.005
projectionMatrix, 5, 0.005
draw, 898, 0.898
clear, 8, 0.008
update, 602, 0.602
modelMatrix, 4, 0.004
viewMatrix, 4, 0.004
projectionMatrix, 5, 0.005
draw, 978, 0.978
clear, 7, 0.007
update, 600, 0.6
modelMatrix, 3, 0.003
viewMatrix, 4, 0.004
projectionMatrix, 5, 0.005
draw, 998, 0.998
clear, 19, 0.019
update, 1150, 1.15
modelMatrix, 10, 0.01
viewMatrix, 23, 0.023
projectionMatrix, 50, 0.05
draw, 2373, 2.373
clear, 11, 0.011
update, 549, 0.549
modelMatrix, 5, 0.005
viewMatrix, 6, 0.006
projectionMatrix, 7, 0.007
draw, 995, 0.995
clear, 10, 0.01
update, 598, 0.598
modelMatrix, 4, 0.004
viewMatrix, 5, 0.005
projectionMatrix, 5, 0.005
draw, 968, 0.968
clear, 7, 0.007
update, 590, 0.59
modelMatrix, 3, 0.003
viewMatrix, 5, 0.005
projectionMatrix, 5, 0.005
draw, 968, 0.968
clear, 9, 0.009
update, 768, 0.768
modelMatrix, 4, 0.004
viewMatrix, 6, 0.006
projectionMatrix, 5, 0.005
draw, 1271, 1.271
clear, 24, 0.024
update, 7348, 7.348
modelMatrix, 5, 0.005
viewMatrix, 6, 0.006
projectionMatrix, 5, 0.005
draw, 7847, 7.847
clear, 14, 0.014
update, 725, 0.725
modelMatrix, 4, 0.004
viewMatrix, 5, 0.005
projectionMatrix, 5, 0.005
draw, 1150, 1.15
clear, 11, 0.011
update, 610, 0.61
modelMatrix, 4, 0.004
viewMatrix, 5, 0.005
projectionMatrix, 5, 0.005
draw, 983, 0.983
clear, 8, 0.008
update, 601, 0.601
modelMatrix, 4, 0.004
viewMatrix, 5, 0.005
projectionMatrix, 4, 0.004
draw, 1013, 1.013
clear, 23, 0.023
update, 947, 0.947
modelMatrix, 10, 0.01
viewMatrix, 10, 0.01
projectionMatrix, 7, 0.007
draw, 1812, 1.812
clear, 19, 0.019
update, 10067, 10.067
modelMatrix, 55, 0.055
viewMatrix, 29, 0.029
projectionMatrix, 16, 0.016
draw, 11747, 11.747
clear, 13, 0.013
update, 14617, 14.617
modelMatrix, 12, 0.012
viewMatrix, 20, 0.02
projectionMatrix, 8, 0.008
draw, 15661, 15.661
clear, 10, 0.01
update, 20940, 20.94
modelMatrix, 13, 0.013
viewMatrix, 13, 0.013
projectionMatrix, 11, 0.011
draw, 21917, 21.917
clear, 24, 0.024
update, 22189, 22.189
modelMatrix, 12, 0.012
viewMatrix, 13, 0.013
projectionMatrix, 8, 0.008
draw, 23307, 23.307
clear, 10, 0.01
update, 21293, 21.293
modelMatrix, 7, 0.007
viewMatrix, 10, 0.01
projectionMatrix, 8, 0.008
draw, 21879, 21.879
clear, 25, 0.025
update, 770, 0.77
modelMatrix, 10, 0.01
viewMatrix, 14, 0.014
projectionMatrix, 9, 0.009
draw, 1586, 1.586
clear, 10, 0.01
update, 28022, 28.022
modelMatrix, 19, 0.019
viewMatrix, 9, 0.009
projectionMatrix, 6, 0.006
draw, 28859, 28.859
addParticle, 4690, 4.69
clear, 9, 0.009
update, 3066, 3.066
modelMatrix, 6, 0.006
viewMatrix, 8, 0.008
projectionMatrix, 5, 0.005
draw, 3565, 3.565
addParticle, 3613, 3.613
clear, 7, 0.007
update, 6647, 6.647
modelMatrix, 5, 0.005
viewMatrix, 7, 0.007
projectionMatrix, 6, 0.006
draw, 7145, 7.145
addParticle, 3698, 3.698
clear, 6, 0.006
update, 8348, 8.348
modelMatrix, 5, 0.005
viewMatrix, 6, 0.006
projectionMatrix, 4, 0.004
draw, 8800, 8.8
addParticle, 3342, 3.342
clear, 13, 0.013
update, 11184, 11.184
modelMatrix, 12, 0.012
viewMatrix, 8, 0.008
projectionMatrix, 6, 0.006
draw, 12076, 12.076
addParticle, 3683, 3.683
clear, 9, 0.009
update, 12870, 12.87
modelMatrix, 7, 0.007
viewMatrix, 8, 0.008
projectionMatrix, 6, 0.006
draw, 18596, 18.596
addParticle, 4116, 4.116
clear, 7, 0.007
update, 13329, 13.329
modelMatrix, 5, 0.005
viewMatrix, 5, 0.005
projectionMatrix, 5, 0.005
draw, 13801, 13.801
addParticle, 3491, 3.491
clear, 7, 0.007
update, 15740, 15.74
modelMatrix, 5, 0.005
viewMatrix, 7, 0.007
projectionMatrix, 6, 0.006
draw, 16247, 16.247
addParticle, 3331, 3.331
clear, 6, 0.006
update, 20967, 20.967
modelMatrix, 5, 0.005
viewMatrix, 6, 0.006
projectionMatrix, 5, 0.005
draw, 21567, 21.567
addParticle, 3523, 3.523
clear, 7, 0.007
update, 19908, 19.908
modelMatrix, 5, 0.005
viewMatrix, 5, 0.005
projectionMatrix, 5, 0.005
draw, 20467, 20.467
addParticle, 3316, 3.316
clear, 5, 0.005
update, 23375, 23.375
modelMatrix, 12, 0.012
viewMatrix, 7, 0.007
projectionMatrix, 5, 0.005
draw, 23900, 23.9
addParticle, 3687, 3.687
clear, 8, 0.008
update, 24314, 24.314
modelMatrix, 9, 0.009
viewMatrix, 8, 0.008
projectionMatrix, 5, 0.005
draw, 24874, 24.874
addParticle, 3644, 3.644
clear, 11, 0.011
update, 26472, 26.472
modelMatrix, 11, 0.011
viewMatrix, 7, 0.007
projectionMatrix, 5, 0.005
draw, 26949, 26.949
addParticle, 3366, 3.366
clear, 7, 0.007
update, 31861, 31.861
modelMatrix, 6, 0.006
viewMatrix, 7, 0.007
projectionMatrix, 6, 0.006
draw, 32470, 32.47
addParticle, 3533, 3.533
clear, 6, 0.006
update, 32794, 32.794
modelMatrix, 5, 0.005
viewMatrix, 6, 0.006
projectionMatrix, 4, 0.004
draw, 33281, 33.281
addParticle, 3496, 3.496
clear, 8, 0.008
update, 35853, 35.853
modelMatrix, 17, 0.017
viewMatrix, 8, 0.008
projectionMatrix, 6, 0.006
draw, 36440, 36.44
addParticle, 3242, 3.242
clear, 8, 0.008
update, 34139, 34.139
modelMatrix, 5, 0.005
viewMatrix, 7, 0.007
projectionMatrix, 5, 0.005
draw, 34641, 34.641
addParticle, 3839, 3.839
clear, 11, 0.011
update, 35784, 35.784
modelMatrix, 5, 0.005
viewMatrix, 6, 0.006
projectionMatrix, 4, 0.004
draw, 36211, 36.211
addParticle, 3327, 3.327
clear, 9, 0.009
update, 38637, 38.637
modelMatrix, 5, 0.005
viewMatrix, 5, 0.005
projectionMatrix, 4, 0.004
draw, 39112, 39.112
addParticle, 3261, 3.261
clear, 8, 0.008
update, 41116, 41.116
modelMatrix, 5, 0.005
viewMatrix, 6, 0.006
projectionMatrix, 4, 0.004
draw, 41581, 41.581
addParticle, 3392, 3.392
clear, 7, 0.007
update, 45721, 45.721
modelMatrix, 11, 0.011
viewMatrix, 6, 0.006
projectionMatrix, 5, 0.005
draw, 46185, 46.185
addParticle, 3260, 3.26
clear, 7, 0.007
update, 46448, 46.448
modelMatrix, 5, 0.005
viewMatrix, 7, 0.007
projectionMatrix, 6, 0.006
draw, 46922, 46.922
addParticle, 3520, 3.52
clear, 7, 0.007
update, 46633, 46.633
modelMatrix, 5, 0.005
viewMatrix, 7, 0.007
projectionMatrix, 5, 0.005
draw, 47132, 47.132
addParticle, 3506, 3.506
clear, 7, 0.007
update, 50676, 50.676
modelMatrix, 5, 0.005
viewMatrix, 7, 0.007
projectionMatrix, 6, 0.006
draw, 51189, 51.189
addParticle, 3479, 3.479
clear, 7, 0.007
update, 52153, 52.153
modelMatrix, 5, 0.005
viewMatrix, 5, 0.005
projectionMatrix, 5, 0.005
draw, 52614, 52.614
addParticle, 3663, 3.663
clear, 7, 0.007
update, 51749, 51.749
modelMatrix, 6, 0.006
viewMatrix, 7, 0.007
projectionMatrix, 5, 0.005
draw, 52287, 52.287
addParticle, 3344, 3.344
clear, 12, 0.012
update, 54437, 54.437
modelMatrix, 5, 0.005
viewMatrix, 6, 0.006
projectionMatrix, 5, 0.005
draw, 54938, 54.938
addParticle, 3841, 3.841
clear, 13, 0.013
update, 55396, 55.396
modelMatrix, 5, 0.005
viewMatrix, 6, 0.006
projectionMatrix, 5, 0.005
draw, 55887, 55.887
addParticle, 3664, 3.664
clear, 8, 0.008
update, 58057, 58.057
modelMatrix, 5, 0.005
viewMatrix, 6, 0.006
projectionMatrix, 5, 0.005
draw, 58554, 58.554
addParticle, 3371, 3.371
clear, 9, 0.009
update, 60218, 60.218
modelMatrix, 6, 0.006
viewMatrix, 6, 0.006
projectionMatrix, 4, 0.004
draw, 60685, 60.685
addParticle, 3478, 3.478
clear, 12, 0.012
update, 62198, 62.198
modelMatrix, 5, 0.005
viewMatrix, 6, 0.006
projectionMatrix, 4, 0.004
draw, 62665, 62.665
addParticle, 3535, 3.535
clear, 9, 0.009
update, 64652, 64.652
modelMatrix, 5, 0.005
viewMatrix, 6, 0.006
projectionMatrix, 5, 0.005
draw, 65133, 65.133
addParticle, 3461, 3.461
clear, 8, 0.008
update, 65825, 65.825
modelMatrix, 4, 0.004
viewMatrix, 5, 0.005
projectionMatrix, 4, 0.004
draw, 66270, 66.27
addParticle, 3550, 3.55
clear, 12, 0.012
update, 73737, 73.737
modelMatrix, 5, 0.005
viewMatrix, 5, 0.005
projectionMatrix, 4, 0.004
draw, 74190, 74.19
addParticle, 3353, 3.353
clear, 7, 0.007
update, 70253, 70.253
modelMatrix, 5, 0.005
viewMatrix, 5, 0.005
projectionMatrix, 5, 0.005
draw, 70750, 70.75
addParticle, 3309, 3.309
clear, 7, 0.007
update, 78288, 78.288
modelMatrix, 6, 0.006
viewMatrix, 7, 0.007
projectionMatrix, 13, 0.013
draw, 79034, 79.034
addParticle, 3462, 3.462
clear, 7, 0.007
update, 81778, 81.778
modelMatrix, 5, 0.005
viewMatrix, 6, 0.006
projectionMatrix, 5, 0.005
draw, 82260, 82.26
addParticle, 3694, 3.694
clear, 7, 0.007
update, 80490, 80.49
modelMatrix, 6, 0.006
viewMatrix, 6, 0.006
projectionMatrix, 5, 0.005
draw, 80980, 80.98
addParticle, 3275, 3.275
clear, 7, 0.007
update, 78189, 78.189
modelMatrix, 5, 0.005
viewMatrix, 6, 0.006
projectionMatrix, 5, 0.005
draw, 78760, 78.76
addParticle, 3517, 3.517
clear, 8, 0.008
update, 79728, 79.728
modelMatrix, 5, 0.005
viewMatrix, 5, 0.005
projectionMatrix, 4, 0.004
draw, 80191, 80.191
addParticle, 3834, 3.834
clear, 12, 0.012
update, 85105, 85.105
modelMatrix, 5, 0.005
viewMatrix, 6, 0.006
projectionMatrix, 4, 0.004
draw, 85563, 85.563
addParticle, 3415, 3.415
clear, 7, 0.007
update, 84138, 84.138
modelMatrix, 5, 0.005
viewMatrix, 7, 0.007
projectionMatrix, 5, 0.005
draw, 84645, 84.645
addParticle, 3352, 3.352
clear, 12, 0.012
update, 85137, 85.137
modelMatrix, 6, 0.006
viewMatrix, 6, 0.006
projectionMatrix, 5, 0.005
draw, 85667, 85.667
addParticle, 3271, 3.271
clear, 8, 0.008
update, 88090, 88.09
modelMatrix, 5, 0.005
viewMatrix, 6, 0.006
projectionMatrix, 5, 0.005
draw, 88591, 88.591
addParticle, 3345, 3.345
clear, 20, 0.02
update, 89092, 89.092
modelMatrix, 5, 0.005
viewMatrix, 6, 0.006
projectionMatrix, 4, 0.004
draw, 89577, 89.577
addParticle, 3503, 3.503
clear, 8, 0.008
update, 94923, 94.923
modelMatrix, 5, 0.005
viewMatrix, 7, 0.007
projectionMatrix, 5, 0.005
draw, 95493, 95.493
addParticle, 3526, 3.526
clear, 8, 0.008
update, 93445, 93.445
modelMatrix, 5, 0.005
viewMatrix, 5, 0.005
projectionMatrix, 4, 0.004
draw, 93926, 93.926
addParticle, 3347, 3.347
clear, 8, 0.008
update, 102853, 102.853
modelMatrix, 6, 0.006
viewMatrix, 14, 0.014
projectionMatrix, 5, 0.005
draw, 104083, 104.083
addParticle, 3695, 3.695
clear, 8, 0.008
update, 99381, 99.381
modelMatrix, 6, 0.006
viewMatrix, 14, 0.014
projectionMatrix, 5, 0.005
draw, 100790, 100.79
addParticle, 3425, 3.425
clear, 8, 0.008
update, 99801, 99.801
modelMatrix, 5, 0.005
viewMatrix, 13, 0.013
projectionMatrix, 5, 0.005
draw, 101030, 101.03
addParticle, 3742, 3.742
clear, 7, 0.007
update, 103672, 103.672
modelMatrix, 5, 0.005
viewMatrix, 13, 0.013
projectionMatrix, 5, 0.005
draw, 104889, 104.889
addParticle, 3672, 3.672
clear, 8, 0.008
update, 116427, 116.427
modelMatrix, 6, 0.006
viewMatrix, 13, 0.013
projectionMatrix, 5, 0.005
draw, 117749, 117.749
addParticle, 5015, 5.015
clear, 11, 0.011
update, 107604, 107.604
modelMatrix, 5, 0.005
viewMatrix, 13, 0.013
projectionMatrix, 5, 0.005
draw, 108827, 108.827
addParticle, 3264, 3.264
clear, 14, 0.014
update, 108082, 108.082
modelMatrix, 5, 0.005
viewMatrix, 17, 0.017
projectionMatrix, 8, 0.008
draw, 109440, 109.44
addParticle, 5047, 5.047
clear, 21, 0.021
update, 117840, 117.84
modelMatrix, 5, 0.005
viewMatrix, 15, 0.015
projectionMatrix, 6, 0.006
draw, 119170, 119.17
addParticle, 4451, 4.451
clear, 9, 0.009
update, 123878, 123.878
modelMatrix, 6, 0.006
viewMatrix, 14, 0.014
projectionMatrix, 5, 0.005
draw, 125181, 125.181
addParticle, 3223, 3.223
clear, 8, 0.008
update, 117235, 117.235
modelMatrix, 5, 0.005
viewMatrix, 15, 0.015
projectionMatrix, 6, 0.006
draw, 118503, 118.503
addParticle, 3718, 3.718
clear, 11, 0.011
update, 115676, 115.676
modelMatrix, 5, 0.005
viewMatrix, 13, 0.013
projectionMatrix, 5, 0.005
draw, 116930, 116.93
addParticle, 3960, 3.96
clear, 12, 0.012
update, 126542, 126.542
modelMatrix, 7, 0.007
viewMatrix, 15, 0.015
projectionMatrix, 5, 0.005
draw, 127788, 127.788
addParticle, 4251, 4.251
clear, 8, 0.008
update, 126003, 126.003
modelMatrix, 5, 0.005
viewMatrix, 34, 0.034
projectionMatrix, 8, 0.008
draw, 127508, 127.508
addParticle, 5072, 5.072
clear, 10, 0.01
update, 121858, 121.858
modelMatrix, 5, 0.005
viewMatrix, 13, 0.013
projectionMatrix, 5, 0.005
draw, 123085, 123.085
addParticle, 3963, 3.963
clear, 8, 0.008
update, 123191, 123.191
modelMatrix, 5, 0.005
viewMatrix, 6, 0.006
projectionMatrix, 5, 0.005
draw, 123652, 123.652
addParticle, 4598, 4.598
clear, 9, 0.009
update, 126629, 126.629
modelMatrix, 5, 0.005
viewMatrix, 18, 0.018
projectionMatrix, 5, 0.005
draw, 127869, 127.869
addParticle, 3500, 3.5
clear, 9, 0.009
update, 127942, 127.942
modelMatrix, 5, 0.005
viewMatrix, 13, 0.013
projectionMatrix, 5, 0.005
draw, 129201, 129.201
addParticle, 4123, 4.123
clear, 9, 0.009
update, 130052, 130.052
modelMatrix, 5, 0.005
viewMatrix, 13, 0.013
projectionMatrix, 5, 0.005
draw, 131331, 131.331
addParticle, 4223, 4.223
clear, 9, 0.009
update, 131752, 131.752
modelMatrix, 5, 0.005
viewMatrix, 16, 0.016
projectionMatrix, 8, 0.008
draw, 133272, 133.272
addParticle, 4780, 4.78
clear, 10, 0.01
update, 135522, 135.522
modelMatrix, 5, 0.005
viewMatrix, 15, 0.015
projectionMatrix, 6, 0.006
draw, 136839, 136.839
addParticle, 4921, 4.921
clear, 10, 0.01
update, 143352, 143.352
modelMatrix, 5, 0.005
viewMatrix, 17, 0.017
projectionMatrix, 8, 0.008
draw, 144864, 144.864
addParticle, 4440, 4.44
clear, 9, 0.009
update, 140562, 140.562
modelMatrix, 5, 0.005
viewMatrix, 27, 0.027
projectionMatrix, 8, 0.008
draw, 142040, 142.04
addParticle, 4177, 4.177
clear, 9, 0.009
update, 138418, 138.418
modelMatrix, 5, 0.005
viewMatrix, 17, 0.017
projectionMatrix, 8, 0.008
draw, 139924, 139.924
addParticle, 4999, 4.999
clear, 10, 0.01
update, 146725, 146.725
modelMatrix, 5, 0.005
viewMatrix, 7, 0.007
projectionMatrix, 4, 0.004
draw, 147715, 147.715
addParticle, 4299, 4.299
clear, 10, 0.01
update, 143744, 143.744
modelMatrix, 5, 0.005
viewMatrix, 17, 0.017
projectionMatrix, 8, 0.008
draw, 145211, 145.211
addParticle, 4677, 4.677
clear, 17, 0.017
update, 145078, 145.078
modelMatrix, 5, 0.005
viewMatrix, 14, 0.014
projectionMatrix, 5, 0.005
draw, 146321, 146.321
addParticle, 4768, 4.768
clear, 19, 0.019
update, 151489, 151.489
modelMatrix, 5, 0.005
viewMatrix, 14, 0.014
projectionMatrix, 6, 0.006
draw, 152821, 152.821
addParticle, 4924, 4.924
clear, 9, 0.009
update, 153822, 153.822
modelMatrix, 6, 0.006
viewMatrix, 17, 0.017
projectionMatrix, 8, 0.008
draw, 188022, 188.022
addParticle, 4548, 4.548
clear, 11, 0.011
update, 153881, 153.881
modelMatrix, 5, 0.005
viewMatrix, 14, 0.014
projectionMatrix, 5, 0.005
draw, 155274, 155.274
addParticle, 4824, 4.824
clear, 19, 0.019
update, 157041, 157.041
modelMatrix, 5, 0.005
viewMatrix, 8, 0.008
projectionMatrix, 4, 0.004
draw, 158032, 158.032
addParticle, 4961, 4.961
clear, 9, 0.009
update, 154764, 154.764
modelMatrix, 6, 0.006
viewMatrix, 17, 0.017
projectionMatrix, 8, 0.008
draw, 156123, 156.123
addParticle, 4920, 4.92
clear, 17, 0.017
update, 174232, 174.232
modelMatrix, 6, 0.006
viewMatrix, 13, 0.013
projectionMatrix, 5, 0.005
draw, 175567, 175.567
addParticle, 4288, 4.288
clear, 9, 0.009
update, 159129, 159.129
modelMatrix, 5, 0.005
viewMatrix, 30, 0.03
projectionMatrix, 7, 0.007
draw, 160487, 160.487
addParticle, 5828, 5.828
clear, 9, 0.009
update, 161174, 161.174
modelMatrix, 5, 0.005
viewMatrix, 15, 0.015
projectionMatrix, 6, 0.006
draw, 162455, 162.455
addParticle, 5264, 5.264
clear, 17, 0.017
update, 165125, 165.125
modelMatrix, 5, 0.005
viewMatrix, 15, 0.015
projectionMatrix, 5, 0.005
draw, 166413, 166.413
addParticle, 5322, 5.322
clear, 10, 0.01
update, 174708, 174.708
modelMatrix, 5, 0.005
viewMatrix, 14, 0.014
projectionMatrix, 6, 0.006
draw, 176021, 176.021
addParticle, 4156, 4.156
clear, 9, 0.009
update, 187741, 187.741
modelMatrix, 6, 0.006
viewMatrix, 7, 0.007
projectionMatrix, 6, 0.006
draw, 188794, 188.794
addParticle, 5049, 5.049
clear, 22, 0.022
update, 169506, 169.506
modelMatrix, 5, 0.005
viewMatrix, 17, 0.017
projectionMatrix, 8, 0.008
draw, 170984, 170.984
addParticle, 4998, 4.998
clear, 10, 0.01
update, 171389, 171.389
modelMatrix, 5, 0.005
viewMatrix, 34, 0.034
projectionMatrix, 8, 0.008
draw, 172879, 172.879
addParticle, 5617, 5.617
clear, 17, 0.017
update, 179428, 179.428
modelMatrix, 5, 0.005
viewMatrix, 14, 0.014
projectionMatrix, 5, 0.005
draw, 180448, 180.448
addParticle, 4716, 4.716
clear, 9, 0.009
update, 175897, 175.897
modelMatrix, 5, 0.005
viewMatrix, 5, 0.005
projectionMatrix, 4, 0.004
draw, 176340, 176.34
addParticle, 4856, 4.856
clear, 30, 0.03
update, 177864, 177.864
modelMatrix, 5, 0.005
viewMatrix, 29, 0.029
projectionMatrix, 6, 0.006
draw, 179247, 179.247
addParticle, 5572, 5.572
clear, 18, 0.018
update, 178683, 178.683
modelMatrix, 5, 0.005
viewMatrix, 14, 0.014
projectionMatrix, 4, 0.004
draw, 179912, 179.912
addParticle, 6143, 6.143
clear, 21, 0.021
update, 181207, 181.207
modelMatrix, 5, 0.005
viewMatrix, 14, 0.014
projectionMatrix, 6, 0.006
draw, 182505, 182.505
addParticle, 5674, 5.674
clear, 15, 0.015
update, 181576, 181.576
modelMatrix, 5, 0.005
viewMatrix, 22, 0.022
projectionMatrix, 5, 0.005
draw, 182845, 182.845
addParticle, 6271, 6.271
clear, 10, 0.01
update, 200288, 200.288
modelMatrix, 5, 0.005
viewMatrix, 17, 0.017
projectionMatrix, 8, 0.008
draw, 201766, 201.766
addParticle, 6599, 6.599
clear, 23, 0.023
update, 206590, 206.59
modelMatrix, 5, 0.005
viewMatrix, 17, 0.017
projectionMatrix, 8, 0.008
draw, 208051, 208.051
addParticle, 5417, 5.417
clear, 24, 0.024
update, 189095, 189.095
modelMatrix, 5, 0.005
viewMatrix, 17, 0.017
projectionMatrix, 8, 0.008
draw, 190564, 190.564
addParticle, 5469, 5.469
clear, 9, 0.009
update, 190975, 190.975
modelMatrix, 5, 0.005
viewMatrix, 20, 0.02
projectionMatrix, 5, 0.005
draw, 192268, 192.268
addParticle, 6271, 6.271
clear, 10, 0.01
update, 193421, 193.421
modelMatrix, 5, 0.005
viewMatrix, 14, 0.014
projectionMatrix, 6, 0.006
draw, 194749, 194.749
addParticle, 5779, 5.779
clear, 22, 0.022
update, 195690, 195.69
modelMatrix, 5, 0.005
viewMatrix, 14, 0.014
projectionMatrix, 5, 0.005
draw, 196937, 196.937
addParticle, 6631, 6.631
clear, 20, 0.02
update, 196097, 196.097
modelMatrix, 5, 0.005
viewMatrix, 14, 0.014
projectionMatrix, 5, 0.005
draw, 197488, 197.488
addParticle, 5883, 5.883
clear, 10, 0.01
update, 201802, 201.802
modelMatrix, 5, 0.005
viewMatrix, 14, 0.014
projectionMatrix, 5, 0.005
draw, 203053, 203.053
addParticle, 4450, 4.45
clear, 9, 0.009
update, 200109, 200.109
modelMatrix, 5, 0.005
viewMatrix, 17, 0.017
projectionMatrix, 8, 0.008
draw, 201572, 201.572
addParticle, 1765, 1.765
clear, 22, 0.022
update, 202361, 202.361
modelMatrix, 6, 0.006
viewMatrix, 17, 0.017
projectionMatrix, 8, 0.008
draw, 203822, 203.822
addParticle, 394, 0.394
clear, 19, 0.019
update, 205677, 205.677
modelMatrix, 5, 0.005
viewMatrix, 14, 0.014
projectionMatrix, 5, 0.005
draw, 206950, 206.95
clear, 12, 0.012
update, 202478, 202.478
modelMatrix, 5, 0.005
viewMatrix, 17, 0.017
projectionMatrix, 8, 0.008
draw, 203966, 203.966
clear, 31, 0.031
update, 205517, 205.517
modelMatrix, 5, 0.005
viewMatrix, 13, 0.013
projectionMatrix, 5, 0.005
draw, 206662, 206.662
clear, 9, 0.009
update, 206658, 206.658
modelMatrix, 5, 0.005
viewMatrix, 13, 0.013
projectionMatrix, 5, 0.005
draw, 207801, 207.801
clear, 18, 0.018
update, 203002, 203.002
modelMatrix, 6, 0.006
viewMatrix, 18, 0.018
projectionMatrix, 6, 0.006
draw, 204489, 204.489
clear, 19, 0.019
update, 207593, 207.593
modelMatrix, 5, 0.005
viewMatrix, 13, 0.013
projectionMatrix, 5, 0.005
draw, 208868, 208.868
clear, 17, 0.017
update, 203495, 203.495
modelMatrix, 5, 0.005
viewMatrix, 17, 0.017
projectionMatrix, 8, 0.008
draw, 204969, 204.969
clear, 20, 0.02
update, 203126, 203.126
modelMatrix, 5, 0.005
viewMatrix, 7, 0.007
projectionMatrix, 5, 0.005
draw, 204070, 204.07
clear, 27, 0.027
update, 201397, 201.397
modelMatrix, 6, 0.006
viewMatrix, 15, 0.015
projectionMatrix, 6, 0.006
draw, 202697, 202.697
clear, 18, 0.018
update, 209019, 209.019
modelMatrix, 6, 0.006
viewMatrix, 13, 0.013
projectionMatrix, 5, 0.005
draw, 210233, 210.233
clear, 17, 0.017
update, 223241, 223.241
modelMatrix, 5, 0.005
viewMatrix, 6, 0.006
projectionMatrix, 5, 0.005
draw, 224209, 224.209
clear, 14, 0.014
update, 201804, 201.804
modelMatrix, 5, 0.005
viewMatrix, 17, 0.017
projectionMatrix, 8, 0.008
draw, 203270, 203.27
clear, 18, 0.018
update, 209330, 209.33
modelMatrix, 5, 0.005
viewMatrix, 13, 0.013
projectionMatrix, 5, 0.005
draw, 210554, 210.554
clear, 10, 0.01
update, 204174, 204.174
modelMatrix, 6, 0.006
viewMatrix, 13, 0.013
projectionMatrix, 5, 0.005
draw, 205466, 205.466
clear, 17, 0.017
update, 203266, 203.266
modelMatrix, 5, 0.005
viewMatrix, 34, 0.034
projectionMatrix, 5, 0.005
draw, 204638, 204.638
clear, 18, 0.018
update, 230105, 230.105
modelMatrix, 5, 0.005
viewMatrix, 13, 0.013
projectionMatrix, 5, 0.005
draw, 231434, 231.434
clear, 15, 0.015
update, 201966, 201.966
modelMatrix, 5, 0.005
viewMatrix, 13, 0.013
projectionMatrix, 5, 0.005
draw, 203238, 203.238
clear, 18, 0.018
update, 212225, 212.225
modelMatrix, 5, 0.005
viewMatrix, 14, 0.014
projectionMatrix, 6, 0.006
draw, 213552, 213.552
clear, 16, 0.016
update, 230454, 230.454
modelMatrix, 6, 0.006
viewMatrix, 14, 0.014
projectionMatrix, 6, 0.006
draw, 231785, 231.785
clear, 13, 0.013
update, 215117, 215.117
modelMatrix, 6, 0.006
viewMatrix, 12, 0.012
projectionMatrix, 5, 0.005
draw, 216320, 216.32
clear, 25, 0.025
update, 211133, 211.133
modelMatrix, 6, 0.006
viewMatrix, 14, 0.014
projectionMatrix, 5, 0.005
draw, 212473, 212.473
clear, 13, 0.013
update, 203271, 203.271
modelMatrix, 4, 0.004
viewMatrix, 8, 0.008
projectionMatrix, 4, 0.004
draw, 204200, 204.2
clear, 7, 0.007
update, 207523, 207.523
modelMatrix, 5, 0.005
viewMatrix, 18, 0.018
projectionMatrix, 8, 0.008
draw, 208964, 208.964
clear, 20, 0.02
update, 203788, 203.788
modelMatrix, 5, 0.005
viewMatrix, 15, 0.015
projectionMatrix, 6, 0.006
draw, 205124, 205.124
clear, 18, 0.018
update, 207180, 207.18
modelMatrix, 5, 0.005
viewMatrix, 34, 0.034
projectionMatrix, 8, 0.008
draw, 208696, 208.696
clear, 19, 0.019
update, 204418, 204.418
modelMatrix, 6, 0.006
viewMatrix, 6, 0.006
projectionMatrix, 4, 0.004
draw, 205371, 205.371
clear, 17, 0.017
update, 204650, 204.65
modelMatrix, 5, 0.005
viewMatrix, 13, 0.013
projectionMatrix, 5, 0.005
draw, 205922, 205.922
clear, 18, 0.018
update, 201405, 201.405
modelMatrix, 5, 0.005
viewMatrix, 18, 0.018
projectionMatrix, 8, 0.008
draw, 267281, 267.281
clear, 35, 0.035
update, 208326, 208.326
modelMatrix, 5, 0.005
viewMatrix, 18, 0.018
projectionMatrix, 8, 0.008
draw, 209770, 209.77
clear, 17, 0.017
update, 202542, 202.542
modelMatrix, 6, 0.006
viewMatrix, 13, 0.013
projectionMatrix, 4, 0.004
draw, 203821, 203.821
clear, 16, 0.016
update, 231052, 231.052
modelMatrix, 5, 0.005
viewMatrix, 14, 0.014
projectionMatrix, 6, 0.006
draw, 232364, 232.364
clear, 16, 0.016
update, 203993, 203.993
modelMatrix, 5, 0.005
viewMatrix, 14, 0.014
projectionMatrix, 5, 0.005
draw, 205197, 205.197
clear, 17, 0.017
update, 203080, 203.08
modelMatrix, 6, 0.006
viewMatrix, 12, 0.012
projectionMatrix, 4, 0.004
draw, 204281, 204.281
clear, 17, 0.017
update, 212798, 212.798
modelMatrix, 5, 0.005
viewMatrix, 13, 0.013
projectionMatrix, 5, 0.005
draw, 213930, 213.93
clear, 15, 0.015
update, 231412, 231.412
modelMatrix, 6, 0.006
viewMatrix, 15, 0.015
projectionMatrix, 6, 0.006
draw, 232540, 232.54
clear, 15, 0.015
update, 222565, 222.565
modelMatrix, 5, 0.005
viewMatrix, 14, 0.014
projectionMatrix, 5, 0.005
draw, 223893, 223.893
clear, 9, 0.009
update, 203786, 203.786
modelMatrix, 5, 0.005
viewMatrix, 15, 0.015
projectionMatrix, 6, 0.006
draw, 205102, 205.102
clear, 11, 0.011
update, 206089, 206.089
modelMatrix, 5, 0.005
viewMatrix, 17, 0.017
projectionMatrix, 8, 0.008
draw, 207577, 207.577
clear, 21, 0.021
update, 205989, 205.989
modelMatrix, 5, 0.005
viewMatrix, 13, 0.013
projectionMatrix, 16, 0.016
draw, 207240, 207.24
clear, 13, 0.013
update, 223008, 223.008
modelMatrix, 6, 0.006
viewMatrix, 14, 0.014
projectionMatrix, 6, 0.006
draw, 224332, 224.332
clear, 17, 0.017
update, 203960, 203.96
modelMatrix, 5, 0.005
viewMatrix, 14, 0.014
projectionMatrix, 5, 0.005
draw, 205235, 205.235
clear, 17, 0.017
update, 203705, 203.705
modelMatrix, 5, 0.005
viewMatrix, 34, 0.034
projectionMatrix, 9, 0.009
draw, 205165, 205.165
clear, 20, 0.02
update, 210183, 210.183
modelMatrix, 5, 0.005
viewMatrix, 48, 0.048
projectionMatrix, 7, 0.007
draw, 211570, 211.57
clear, 16, 0.016
update, 204441, 204.441
modelMatrix, 5, 0.005
viewMatrix, 17, 0.017
projectionMatrix, 8, 0.008
draw, 205899, 205.899
clear, 13, 0.013
update, 206030, 206.03
modelMatrix, 6, 0.006
viewMatrix, 17, 0.017
projectionMatrix, 5, 0.005
draw, 207623, 207.623
clear, 19, 0.019
update, 204012, 204.012
modelMatrix, 5, 0.005
viewMatrix, 14, 0.014
projectionMatrix, 8, 0.008
draw, 205328, 205.328
clear, 18, 0.018
update, 205874, 205.874
modelMatrix, 5, 0.005
viewMatrix, 15, 0.015
projectionMatrix, 7, 0.007
draw, 207205, 207.205
clear, 18, 0.018
update, 207015, 207.015
modelMatrix, 6, 0.006
viewMatrix, 14, 0.014
projectionMatrix, 6, 0.006
draw, 208379, 208.379
clear, 18, 0.018
update, 204131, 204.131
modelMatrix, 5, 0.005
viewMatrix, 13, 0.013
projectionMatrix, 5, 0.005
draw, 205375, 205.375
clear, 15, 0.015
update, 205366, 205.366
modelMatrix, 5, 0.005
viewMatrix, 14, 0.014
projectionMatrix, 7, 0.007
draw, 206435, 206.435
clear, 24, 0.024
update, 210344, 210.344
modelMatrix, 5, 0.005
viewMatrix, 33, 0.033
projectionMatrix, 9, 0.009
draw, 211803, 211.803
clear, 19, 0.019
update, 203319, 203.319
modelMatrix, 5, 0.005
viewMatrix, 14, 0.014
projectionMatrix, 5, 0.005
draw, 204571, 204.571
clear, 25, 0.025
update, 219937, 219.937
modelMatrix, 5, 0.005
viewMatrix, 13, 0.013
projectionMatrix, 5, 0.005
draw, 221230, 221.23
clear, 26, 0.026
update, 203796, 203.796
modelMatrix, 5, 0.005
viewMatrix, 13, 0.013
projectionMatrix, 5, 0.005
draw, 205037, 205.037
clear, 18, 0.018
update, 212279, 212.279
modelMatrix, 5, 0.005
viewMatrix, 8, 0.008
projectionMatrix, 4, 0.004
draw, 213311, 213.311
clear, 33, 0.033
update, 202648, 202.648
modelMatrix, 5, 0.005
viewMatrix, 35, 0.035
projectionMatrix, 8, 0.008
draw, 204126, 204.126
clear, 32, 0.032
update, 203913, 203.913
modelMatrix, 5, 0.005
viewMatrix, 32, 0.032
projectionMatrix, 8, 0.008
draw, 205398, 205.398
clear, 16, 0.016
update, 221141, 221.141
modelMatrix, 7, 0.007
viewMatrix, 36, 0.036
projectionMatrix, 6, 0.006
draw, 222495, 222.495
clear, 14, 0.014
update, 203798, 203.798
modelMatrix, 6, 0.006
viewMatrix, 14, 0.014
projectionMatrix, 4, 0.004
draw, 205048, 205.048
clear, 27, 0.027
update, 202710, 202.71
modelMatrix, 5, 0.005
viewMatrix, 14, 0.014
projectionMatrix, 6, 0.006
draw, 204018, 204.018
clear, 9, 0.009
update, 207742, 207.742
modelMatrix, 6, 0.006
viewMatrix, 17, 0.017
projectionMatrix, 8, 0.008
draw, 262241, 262.241
clear, 39, 0.039
update, 208984, 208.984
modelMatrix, 5, 0.005
viewMatrix, 17, 0.017
projectionMatrix, 8, 0.008
draw, 210487, 210.487
clear, 19, 0.019
update, 202191, 202.191
modelMatrix, 5, 0.005
viewMatrix, 13, 0.013
projectionMatrix, 5, 0.005
draw, 203477, 203.477
clear, 15, 0.015
update, 203607, 203.607
modelMatrix, 5, 0.005
viewMatrix, 6, 0.006
projectionMatrix, 4, 0.004
draw, 204664, 204.664
clear, 7, 0.007
update, 205252, 205.252
modelMatrix, 5, 0.005
viewMatrix, 25, 0.025
projectionMatrix, 5, 0.005
draw, 206619, 206.619
clear, 15, 0.015
update, 203794, 203.794
modelMatrix, 5, 0.005
viewMatrix, 7, 0.007
projectionMatrix, 5, 0.005
draw, 204859, 204.859
clear, 27, 0.027
update, 210194, 210.194
modelMatrix, 5, 0.005
viewMatrix, 6, 0.006
projectionMatrix, 4, 0.004
draw, 211195, 211.195
clear, 9, 0.009
update, 206426, 206.426
modelMatrix, 5, 0.005
viewMatrix, 7, 0.007
projectionMatrix, 5, 0.005
draw, 206951, 206.951
clear, 16, 0.016
update, 202671, 202.671
modelMatrix, 7, 0.007
viewMatrix, 20, 0.02
projectionMatrix, 5, 0.005
draw, 203911, 203.911
clear, 18, 0.018
update, 203562, 203.562
modelMatrix, 5, 0.005
viewMatrix, 13, 0.013
projectionMatrix, 5, 0.005
draw, 204825, 204.825
clear, 15, 0.015
update, 205469, 205.469
modelMatrix, 5, 0.005
viewMatrix, 17, 0.017
projectionMatrix, 8, 0.008
draw, 206954, 206.954
clear, 19, 0.019
update, 205468, 205.468
modelMatrix, 5, 0.005
viewMatrix, 14, 0.014
projectionMatrix, 5, 0.005
draw, 206678, 206.678
clear, 18, 0.018
update, 202578, 202.578
modelMatrix, 5, 0.005
viewMatrix, 34, 0.034
projectionMatrix, 8, 0.008
draw, 204035, 204.035
clear, 13, 0.013
update, 218208, 218.208
modelMatrix, 6, 0.006
viewMatrix, 33, 0.033
projectionMatrix, 5, 0.005
draw, 219515, 219.515
clear, 16, 0.016
update, 214199, 214.199
modelMatrix, 6, 0.006
viewMatrix, 15, 0.015
projectionMatrix, 6, 0.006
draw, 215557, 215.557
clear, 15, 0.015
update, 223283, 223.283
modelMatrix, 6, 0.006
viewMatrix, 15, 0.015
projectionMatrix, 6, 0.006
draw, 224646, 224.646
clear, 28, 0.028
update, 202215, 202.215
modelMatrix, 5, 0.005
viewMatrix, 12, 0.012
projectionMatrix, 5, 0.005
draw, 203486, 203.486
clear, 17, 0.017
update, 203951, 203.951
modelMatrix, 5, 0.005
viewMatrix, 12, 0.012
projectionMatrix, 4, 0.004
draw, 205083, 205.083
clear, 30, 0.03
update, 202967, 202.967
modelMatrix, 6, 0.006
viewMatrix, 34, 0.034
projectionMatrix, 8, 0.008
draw, 204427, 204.427
clear, 15, 0.015
update, 205157, 205.157
modelMatrix, 5, 0.005
viewMatrix, 14, 0.014
projectionMatrix, 5, 0.005
draw, 206354, 206.354
clear, 16, 0.016
update, 216045, 216.045
modelMatrix, 5, 0.005
viewMatrix, 14, 0.014
projectionMatrix, 6, 0.006
draw, 217347, 217.347
clear, 17, 0.017
update, 203612, 203.612
modelMatrix, 5, 0.005
viewMatrix, 14, 0.014
projectionMatrix, 5, 0.005
draw, 204997, 204.997
clear, 13, 0.013
update, 206897, 206.897
modelMatrix, 5, 0.005
viewMatrix, 7, 0.007
projectionMatrix, 5, 0.005
draw, 207981, 207.981
clear, 7, 0.007
update, 204357, 204.357
modelMatrix, 5, 0.005
viewMatrix, 14, 0.014
projectionMatrix, 5, 0.005
draw, 205537, 205.537
clear, 23, 0.023
update, 203647, 203.647
modelMatrix, 6, 0.006
viewMatrix, 13, 0.013
projectionMatrix, 5, 0.005
draw, 204938, 204.938
clear, 18, 0.018
update, 230628, 230.628
modelMatrix, 5, 0.005
viewMatrix, 14, 0.014
projectionMatrix, 6, 0.006
draw, 231912, 231.912
clear, 15, 0.015
update, 205670, 205.67
modelMatrix, 9, 0.009
viewMatrix, 33, 0.033
projectionMatrix, 8, 0.008
draw, 208126, 208.126
clear, 19, 0.019
update, 204047, 204.047
modelMatrix, 5, 0.005
viewMatrix, 9, 0.009
projectionMatrix, 4, 0.004
draw, 205100, 205.1
clear, 16, 0.016
update, 206692, 206.692
modelMatrix, 5, 0.005
viewMatrix, 13, 0.013
projectionMatrix, 5, 0.005
draw, 207968, 207.968
clear, 18, 0.018
update, 209039, 209.039
modelMatrix, 6, 0.006
viewMatrix, 6, 0.006
projectionMatrix, 4, 0.004
draw, 209995, 209.995
clear, 19, 0.019
update, 203290, 203.29
modelMatrix, 5, 0.005
viewMatrix, 6, 0.006
projectionMatrix, 5, 0.005
draw, 203838, 203.838
clear, 28, 0.028
update, 202897, 202.897
modelMatrix, 5, 0.005
viewMatrix, 14, 0.014
projectionMatrix, 6, 0.006
draw, 204244, 204.244
clear, 17, 0.017
update, 226584, 226.584
modelMatrix, 5, 0.005
viewMatrix, 17, 0.017
projectionMatrix, 8, 0.008
draw, 228043, 228.043
clear, 16, 0.016
update, 202930, 202.93
modelMatrix, 5, 0.005
viewMatrix, 14, 0.014
projectionMatrix, 5, 0.005
draw, 204177, 204.177
clear, 16, 0.016
update, 206649, 206.649
modelMatrix, 5, 0.005
viewMatrix, 13, 0.013
projectionMatrix, 5, 0.005
draw, 207913, 207.913
clear, 13, 0.013
update, 204445, 204.445
modelMatrix, 5, 0.005
viewMatrix, 14, 0.014
projectionMatrix, 5, 0.005
draw, 205691, 205.691
clear, 14, 0.014
update, 203851, 203.851
modelMatrix, 5, 0.005
viewMatrix, 34, 0.034
projectionMatrix, 8, 0.008
draw, 205371, 205.371
clear, 18, 0.018
update, 205333, 205.333
modelMatrix, 5, 0.005
viewMatrix, 17, 0.017
projectionMatrix, 8, 0.008
draw, 206829, 206.829
clear, 17, 0.017
update, 203199, 203.199
modelMatrix, 5, 0.005
viewMatrix, 18, 0.018
projectionMatrix, 8, 0.008
draw, 204721, 204.721
clear, 21, 0.021
update, 219504, 219.504
modelMatrix, 6, 0.006
viewMatrix, 14, 0.014
projectionMatrix, 5, 0.005
draw, 220835, 220.835
clear, 30, 0.03
update, 206445, 206.445
modelMatrix, 5, 0.005
viewMatrix, 15, 0.015
projectionMatrix, 8, 0.008
draw, 207691, 207.691
clear, 10, 0.01
update, 204557, 204.557
modelMatrix, 5, 0.005
viewMatrix, 17, 0.017
projectionMatrix, 8, 0.008
draw, 206049, 206.049
clear, 19, 0.019
update, 203651, 203.651
modelMatrix, 5, 0.005
viewMatrix, 17, 0.017
projectionMatrix, 8, 0.008
draw, 205155, 205.155
clear, 18, 0.018
update, 204551, 204.551
modelMatrix, 5, 0.005
viewMatrix, 17, 0.017
projectionMatrix, 8, 0.008
draw, 206054, 206.054
clear, 16, 0.016
update, 206050, 206.05
modelMatrix, 5, 0.005
viewMatrix, 17, 0.017
projectionMatrix, 8, 0.008
draw, 207562, 207.562
clear, 19, 0.019
update, 227322, 227.322
modelMatrix, 4, 0.004
viewMatrix, 14, 0.014
projectionMatrix, 5, 0.005
draw, 228582, 228.582
clear, 18, 0.018
update, 206284, 206.284
modelMatrix, 5, 0.005
viewMatrix, 23, 0.023
projectionMatrix, 5, 0.005
draw, 207595, 207.595
clear, 16, 0.016
update, 204196, 204.196
modelMatrix, 5, 0.005
viewMatrix, 13, 0.013
projectionMatrix, 5, 0.005
draw, 205490, 205.49
clear, 10, 0.01
update, 223440, 223.44
modelMatrix, 6, 0.006
viewMatrix, 9, 0.009
projectionMatrix, 6, 0.006
draw, 224459, 224.459
clear, 16, 0.016
update, 202414, 202.414
modelMatrix, 5, 0.005
viewMatrix, 17, 0.017
projectionMatrix, 8, 0.008
draw, 203899, 203.899
clear, 22, 0.022
update, 218354, 218.354
modelMatrix, 5, 0.005
viewMatrix, 15, 0.015
projectionMatrix, 6, 0.006
draw, 219729, 219.729
clear, 20, 0.02
update, 214815, 214.815
modelMatrix, 6, 0.006
viewMatrix, 20, 0.02
projectionMatrix, 6, 0.006
draw, 216092, 216.092
clear, 30, 0.03
update, 203745, 203.745
modelMatrix, 5, 0.005
viewMatrix, 13, 0.013
projectionMatrix, 5, 0.005
draw, 205017, 205.017
clear, 18, 0.018
update, 212555, 212.555
modelMatrix, 5, 0.005
viewMatrix, 6, 0.006
projectionMatrix, 5, 0.005
draw, 213072, 213.072
clear, 17, 0.017
update, 202998, 202.998
modelMatrix, 5, 0.005
viewMatrix, 34, 0.034
projectionMatrix, 5, 0.005
draw, 204300, 204.3
clear, 17, 0.017
update, 204848, 204.848
modelMatrix, 5, 0.005
viewMatrix, 14, 0.014
projectionMatrix, 5, 0.005
draw, 206116, 206.116
clear, 27, 0.027
update, 224894, 224.894
modelMatrix, 6, 0.006
viewMatrix, 14, 0.014
projectionMatrix, 5, 0.005
draw, 226179, 226.179
clear, 13, 0.013
update, 202737, 202.737
modelMatrix, 5, 0.005
viewMatrix, 6, 0.006
projectionMatrix, 5, 0.005
draw, 203635, 203.635
clear, 17, 0.017
update, 208040, 208.04
modelMatrix, 4, 0.004
viewMatrix, 33, 0.033
projectionMatrix, 8, 0.008
draw, 209509, 209.509
clear, 19, 0.019
update, 202852, 202.852
modelMatrix, 5, 0.005
viewMatrix, 14, 0.014
projectionMatrix, 6, 0.006
draw, 204135, 204.135
clear, 26, 0.026
update, 210757, 210.757
modelMatrix, 6, 0.006
viewMatrix, 14, 0.014
projectionMatrix, 5, 0.005
draw, 211781, 211.781
clear, 28, 0.028
update, 202447, 202.447
modelMatrix, 5, 0.005
viewMatrix, 48, 0.048
projectionMatrix, 5, 0.005
draw, 203771, 203.771
clear, 15, 0.015
update, 204395, 204.395
modelMatrix, 5, 0.005
viewMatrix, 6, 0.006
projectionMatrix, 4, 0.004
draw, 205357, 205.357
clear, 26, 0.026
update, 223951, 223.951
modelMatrix, 6, 0.006
viewMatrix, 14, 0.014
projectionMatrix, 6, 0.006
draw, 225281, 225.281
clear, 18, 0.018
update, 202532, 202.532
modelMatrix, 6, 0.006
viewMatrix, 14, 0.014
projectionMatrix, 6, 0.006
draw, 203858, 203.858
clear, 12, 0.012
update, 203039, 203.039
modelMatrix, 5, 0.005
viewMatrix, 7, 0.007
projectionMatrix, 5, 0.005
draw, 204027, 204.027
clear, 18, 0.018
update, 202597, 202.597
modelMatrix, 5, 0.005
viewMatrix, 17, 0.017
projectionMatrix, 8, 0.008
draw, 204078, 204.078
clear, 20, 0.02
update, 213353, 213.353
modelMatrix, 5, 0.005
viewMatrix, 5, 0.005
projectionMatrix, 5, 0.005
draw, 213841, 213.841
clear, 17, 0.017
update, 202618, 202.618
modelMatrix, 5, 0.005
viewMatrix, 14, 0.014
projectionMatrix, 5, 0.005
draw, 203914, 203.914
clear, 12, 0.012
update, 204486, 204.486
modelMatrix, 5, 0.005
viewMatrix, 15, 0.015
projectionMatrix, 6, 0.006
draw, 205795, 205.795
clear, 23, 0.023
update, 204067, 204.067
modelMatrix, 5, 0.005
viewMatrix, 14, 0.014
projectionMatrix, 5, 0.005
draw, 205341, 205.341
clear, 16, 0.016
update, 203631, 203.631
modelMatrix, 5, 0.005
viewMatrix, 13, 0.013
projectionMatrix, 5, 0.005
draw, 204884, 204.884
clear, 13, 0.013
update, 208480, 208.48
modelMatrix, 5, 0.005
viewMatrix, 18, 0.018
projectionMatrix, 8, 0.008
draw, 209984, 209.984
clear, 20, 0.02
update, 201913, 201.913
modelMatrix, 5, 0.005
viewMatrix, 14, 0.014
projectionMatrix, 5, 0.005
draw, 203177, 203.177
clear, 14, 0.014
update, 211443, 211.443
modelMatrix, 6, 0.006
viewMatrix, 7, 0.007
projectionMatrix, 4, 0.004
draw, 212427, 212.427
clear, 44, 0.044
update, 203090, 203.09
modelMatrix, 4, 0.004
viewMatrix, 17, 0.017
projectionMatrix, 8, 0.008
draw, 204614, 204.614
clear, 20, 0.02
update, 202746, 202.746
modelMatrix, 5, 0.005
viewMatrix, 18, 0.018
projectionMatrix, 8, 0.008
draw, 204384, 204.384
clear, 16, 0.016
update, 210164, 210.164
modelMatrix, 4, 0.004
viewMatrix, 14, 0.014
projectionMatrix, 5, 0.005
draw, 211430, 211.43
clear, 14, 0.014
update, 203482, 203.482
modelMatrix, 6, 0.006
viewMatrix, 9, 0.009
projectionMatrix, 5, 0.005
draw, 204552, 204.552
clear, 17, 0.017
update, 205539, 205.539
modelMatrix, 5, 0.005
viewMatrix, 14, 0.014
projectionMatrix, 5, 0.005
draw, 206806, 206.806
clear, 15, 0.015
update, 203832, 203.832
modelMatrix, 5, 0.005
viewMatrix, 17, 0.017
projectionMatrix, 5, 0.005
draw, 205235, 205.235
clear, 18, 0.018
update, 219338, 219.338
modelMatrix, 6, 0.006
viewMatrix, 7, 0.007
projectionMatrix, 5, 0.005
draw, 221396, 221.396
clear, 18, 0.018
update, 202029, 202.029
modelMatrix, 5, 0.005
viewMatrix, 16, 0.016
projectionMatrix, 5, 0.005
draw, 203451, 203.451
clear, 17, 0.017
update, 213365, 213.365
modelMatrix, 5, 0.005
viewMatrix, 14, 0.014
projectionMatrix, 4, 0.004
draw, 214621, 214.621
clear, 15, 0.015
update, 204800, 204.8
modelMatrix, 5, 0.005
viewMatrix, 31, 0.031
projectionMatrix, 5, 0.005
draw, 206240, 206.24
clear, 18, 0.018
update, 202664, 202.664
modelMatrix, 5, 0.005
viewMatrix, 17, 0.017
projectionMatrix, 8, 0.008
draw, 204180, 204.18
clear, 19, 0.019
update, 209102, 209.102
modelMatrix, 5, 0.005
viewMatrix, 15, 0.015
projectionMatrix, 5, 0.005
draw, 210390, 210.39
clear, 13, 0.013
update, 203136, 203.136
modelMatrix, 5, 0.005
viewMatrix, 17, 0.017
projectionMatrix, 8, 0.008
draw, 204606, 204.606
clear, 28, 0.028
update, 202483, 202.483
modelMatrix, 5, 0.005
viewMatrix, 13, 0.013
projectionMatrix, 5, 0.005
draw, 203752, 203.752
clear, 17, 0.017
update, 226155, 226.155
modelMatrix, 5, 0.005
viewMatrix, 15, 0.015
projectionMatrix, 6, 0.006
draw, 227494, 227.494
clear, 18, 0.018
update, 204582, 204.582
modelMatrix, 5, 0.005
viewMatrix, 14, 0.014
projectionMatrix, 6, 0.006
draw, 205882, 205.882
clear, 12, 0.012
update, 208541, 208.541
modelMatrix, 4, 0.004
viewMatrix, 14, 0.014
projectionMatrix, 6, 0.006
draw, 209884, 209.884
clear, 14, 0.014
update, 203689, 203.689
modelMatrix, 5, 0.005
viewMatrix, 18, 0.018
projectionMatrix, 8, 0.008
draw, 205167, 205.167
clear, 20, 0.02
update, 202683, 202.683
modelMatrix, 5, 0.005
viewMatrix, 14, 0.014
projectionMatrix, 6, 0.006
draw, 203991, 203.991
clear, 46, 0.046
update, 208135, 208.135
modelMatrix, 5, 0.005
viewMatrix, 17, 0.017
projectionMatrix, 7, 0.007
draw, 209656, 209.656
clear, 19, 0.019
update, 204235, 204.235
modelMatrix, 5, 0.005
viewMatrix, 34, 0.034
projectionMatrix, 5, 0.005
draw, 205643, 205.643
clear, 18, 0.018
update, 207784, 207.784
modelMatrix, 5, 0.005
viewMatrix, 5, 0.005
projectionMatrix, 4, 0.004
draw, 208231, 208.231
clear, 29, 0.029
update, 204483, 204.483
modelMatrix, 5, 0.005
viewMatrix, 19, 0.019
projectionMatrix, 8, 0.008
draw, 205947, 205.947
clear, 22, 0.022
update, 210594, 210.594
modelMatrix, 5, 0.005
viewMatrix, 13, 0.013
projectionMatrix, 5, 0.005
draw, 211861, 211.861
clear, 31, 0.031
update, 203003, 203.003
modelMatrix, 6, 0.006
viewMatrix, 46, 0.046
projectionMatrix, 5, 0.005
draw, 204351, 204.351
clear, 18, 0.018
update, 204811, 204.811
modelMatrix, 6, 0.006
viewMatrix, 7, 0.007
projectionMatrix, 5, 0.005
draw, 205826, 205.826
clear, 16, 0.016
update, 206279, 206.279
modelMatrix, 13, 0.013
viewMatrix, 7, 0.007
projectionMatrix, 4, 0.004
draw, 206841, 206.841
clear, 13, 0.013
update, 203328, 203.328
modelMatrix, 5, 0.005
viewMatrix, 6, 0.006
projectionMatrix, 5, 0.005
draw, 203789, 203.789
clear, 29, 0.029
update, 204541, 204.541
modelMatrix, 5, 0.005
viewMatrix, 13, 0.013
projectionMatrix, 5, 0.005
draw, 205765, 205.765
clear, 14, 0.014
update, 203930, 203.93
modelMatrix, 6, 0.006
viewMatrix, 33, 0.033
projectionMatrix, 8, 0.008
draw, 205422, 205.422
clear, 17, 0.017
update, 206199, 206.199
modelMatrix, 5, 0.005
viewMatrix, 17, 0.017
projectionMatrix, 4, 0.004
draw, 207335, 207.335
clear, 13, 0.013
update, 220989, 220.989
modelMatrix, 5, 0.005
viewMatrix, 14, 0.014
projectionMatrix, 5, 0.005
draw, 222290, 222.29
clear, 17, 0.017
update, 202609, 202.609
modelMatrix, 6, 0.006
viewMatrix, 13, 0.013
projectionMatrix, 5, 0.005
draw, 203845, 203.845
clear, 13, 0.013
update, 212303, 212.303
modelMatrix, 5, 0.005
viewMatrix, 14, 0.014
projectionMatrix, 7, 0.007
draw, 213661, 213.661
clear, 15, 0.015
update, 226273, 226.273
modelMatrix, 5, 0.005
viewMatrix, 18, 0.018
projectionMatrix, 8, 0.008
draw, 274001, 274.001
clear, 37, 0.037
update, 208102, 208.102
modelMatrix, 5, 0.005
viewMatrix, 14, 0.014
projectionMatrix, 5, 0.005
draw, 209438, 209.438
clear, 17, 0.017
update, 204252, 204.252
modelMatrix, 5, 0.005
viewMatrix, 16, 0.016
projectionMatrix, 15, 0.015
draw, 205774, 205.774
clear, 16, 0.016
update, 230565, 230.565
modelMatrix, 5, 0.005
viewMatrix, 6, 0.006
projectionMatrix, 5, 0.005
draw, 231562, 231.562
clear, 19, 0.019
update, 203378, 203.378
modelMatrix, 5, 0.005
viewMatrix, 14, 0.014
projectionMatrix, 6, 0.006
draw, 204710, 204.71
clear, 18, 0.018
update, 207949, 207.949
modelMatrix, 5, 0.005
viewMatrix, 5, 0.005
projectionMatrix, 5, 0.005
draw, 208449, 208.449
clear, 30, 0.03
update, 203705, 203.705
modelMatrix, 5, 0.005
viewMatrix, 9, 0.009
projectionMatrix, 5, 0.005
draw, 204712, 204.712
clear, 14, 0.014
update, 203376, 203.376
modelMatrix, 5, 0.005
viewMatrix, 34, 0.034
projectionMatrix, 8, 0.008
draw, 204856, 204.856
clear, 13, 0.013
update, 230887, 230.887
modelMatrix, 6, 0.006
viewMatrix, 14, 0.014
projectionMatrix, 5, 0.005
draw, 232228, 232.228
clear, 30, 0.03
update, 203869, 203.869
modelMatrix, 5, 0.005
viewMatrix, 17, 0.017
projectionMatrix, 8, 0.008
draw, 205353, 205.353
clear, 16, 0.016
update, 206030, 206.03
modelMatrix, 5, 0.005
viewMatrix, 14, 0.014
projectionMatrix, 5, 0.005
draw, 207405, 207.405
clear, 20, 0.02
update, 222432, 222.432
modelMatrix, 6, 0.006
viewMatrix, 13, 0.013
projectionMatrix, 5, 0.005
draw, 223710, 223.71
clear, 43, 0.043
update, 202081, 202.081
modelMatrix, 5, 0.005
viewMatrix, 17, 0.017
projectionMatrix, 8, 0.008
draw, 203614, 203.614
clear, 15, 0.015
update, 204140, 204.14
modelMatrix, 5, 0.005
viewMatrix, 35, 0.035
projectionMatrix, 8, 0.008
draw, 205634, 205.634
clear, 19, 0.019
update, 204206, 204.206
modelMatrix, 5, 0.005
viewMatrix, 34, 0.034
projectionMatrix, 5, 0.005
draw, 205599, 205.599
clear, 24, 0.024
update, 206904, 206.904
modelMatrix, 5, 0.005
viewMatrix, 13, 0.013
projectionMatrix, 5, 0.005
draw, 208128, 208.128
clear, 18, 0.018
update, 204542, 204.542
modelMatrix, 5, 0.005
viewMatrix, 18, 0.018
projectionMatrix, 7, 0.007
draw, 206012, 206.012
clear, 22, 0.022
update, 209511, 209.511
modelMatrix, 4, 0.004
viewMatrix, 33, 0.033
projectionMatrix, 5, 0.005
draw, 210929, 210.929
clear, 33, 0.033
update, 202948, 202.948
modelMatrix, 5, 0.005
viewMatrix, 14, 0.014
projectionMatrix, 6, 0.006
draw, 204302, 204.302
clear, 16, 0.016
update, 202929, 202.929
modelMatrix, 6, 0.006
viewMatrix, 14, 0.014
projectionMatrix, 5, 0.005
draw, 204201, 204.201
clear, 18, 0.018
update, 204886, 204.886
modelMatrix, 5, 0.005
viewMatrix, 18, 0.018
projectionMatrix, 8, 0.008
draw, 206406, 206.406
clear, 20, 0.02
update, 202658, 202.658
modelMatrix, 6, 0.006
viewMatrix, 13, 0.013
projectionMatrix, 5, 0.005
draw, 203924, 203.924
clear, 17, 0.017
update, 203676, 203.676
modelMatrix, 5, 0.005
viewMatrix, 35, 0.035
projectionMatrix, 8, 0.008
draw, 205157, 205.157
clear, 18, 0.018
update, 230945, 230.945
modelMatrix, 6, 0.006
viewMatrix, 15, 0.015
projectionMatrix, 5, 0.005
draw, 232279, 232.279
clear, 14, 0.014
update, 206728, 206.728
modelMatrix, 5, 0.005
viewMatrix, 15, 0.015
projectionMatrix, 6, 0.006
draw, 208055, 208.055
clear, 25, 0.025
update, 202532, 202.532
modelMatrix, 5, 0.005
viewMatrix, 17, 0.017
projectionMatrix, 8, 0.008
draw, 203992, 203.992
clear, 16, 0.016
update, 202901, 202.901
modelMatrix, 5, 0.005
viewMatrix, 15, 0.015
projectionMatrix, 6, 0.006
draw, 204146, 204.146
clear, 17, 0.017
update, 208415, 208.415
modelMatrix, 5, 0.005
viewMatrix, 19, 0.019
projectionMatrix, 5, 0.005
draw, 209639, 209.639
clear, 15, 0.015
update, 204158, 204.158
modelMatrix, 5, 0.005
viewMatrix, 14, 0.014
projectionMatrix, 5, 0.005
draw, 205338, 205.338
clear, 17, 0.017
update, 214700, 214.7
modelMatrix, 5, 0.005
viewMatrix, 14, 0.014
projectionMatrix, 6, 0.006
draw, 216007, 216.007
clear, 9, 0.009
update, 207410, 207.41
modelMatrix, 6, 0.006
viewMatrix, 15, 0.015
projectionMatrix, 6, 0.006
draw, 208794, 208.794
clear, 15, 0.015
update, 222818, 222.818
modelMatrix, 5, 0.005
viewMatrix, 15, 0.015
projectionMatrix, 7, 0.007
draw, 224129, 224.129
clear, 19, 0.019
update, 201558, 201.558
modelMatrix, 5, 0.005
viewMatrix, 16, 0.016
projectionMatrix, 5, 0.005
draw, 202611, 202.611
clear, 15, 0.015
update, 205126, 205.126
modelMatrix, 5, 0.005
viewMatrix, 17, 0.017
projectionMatrix, 8, 0.008
draw, 206627, 206.627
clear, 17, 0.017
update, 206712, 206.712
modelMatrix, 5, 0.005
viewMatrix, 16, 0.016
projectionMatrix, 6, 0.006
draw, 208023, 208.023
clear, 17, 0.017
update, 203293, 203.293
modelMatrix, 5, 0.005
viewMatrix, 13, 0.013
projectionMatrix, 5, 0.005
draw, 204571, 204.571
clear, 14, 0.014
update, 204919, 204.919
modelMatrix, 5, 0.005
viewMatrix, 7, 0.007
projectionMatrix, 4, 0.004
draw, 205895, 205.895
clear, 12, 0.012
update, 216264, 216.264
modelMatrix, 5, 0.005
viewMatrix, 15, 0.015
projectionMatrix, 6, 0.006
draw, 217511, 217.511
clear, 18, 0.018
update, 206980, 206.98
modelMatrix, 4, 0.004
viewMatrix, 7, 0.007
projectionMatrix, 4, 0.004
draw, 208021, 208.021
clear, 7, 0.007
update, 207747, 207.747
modelMatrix, 5, 0.005
viewMatrix, 6, 0.006
projectionMatrix, 5, 0.005
draw, 208198, 208.198
clear, 17, 0.017
update, 203980, 203.98
modelMatrix, 5, 0.005
viewMatrix, 17, 0.017
projectionMatrix, 8, 0.008
draw, 205469, 205.469
clear, 20, 0.02
update, 228225, 228.225
modelMatrix, 6, 0.006
viewMatrix, 14, 0.014
projectionMatrix, 5, 0.005
draw, 229570, 229.57
clear, 18, 0.018
update, 203873, 203.873
modelMatrix, 5, 0.005
viewMatrix, 14, 0.014
projectionMatrix, 5, 0.005
draw, 205154, 205.154
clear, 28, 0.028
update, 214760, 214.76
modelMatrix, 5, 0.005
viewMatrix, 34, 0.034
projectionMatrix, 8, 0.008
draw, 216247, 216.247
clear, 18, 0.018
update, 204013, 204.013
modelMatrix, 6, 0.006
viewMatrix, 33, 0.033
projectionMatrix, 8, 0.008
draw, 205523, 205.523
clear, 17, 0.017
update, 203820, 203.82
modelMatrix, 6, 0.006
viewMatrix, 6, 0.006
projectionMatrix, 5, 0.005
draw, 204903, 204.903
clear, 12, 0.012
update, 205128, 205.128
modelMatrix, 5, 0.005
viewMatrix, 14, 0.014
projectionMatrix, 5, 0.005
draw, 206372, 206.372
clear, 17, 0.017
update, 205477, 205.477
modelMatrix, 6, 0.006
viewMatrix, 14, 0.014
projectionMatrix, 5, 0.005
draw, 206777, 206.777
clear, 14, 0.014
update, 208817, 208.817
modelMatrix, 5, 0.005
viewMatrix, 17, 0.017
projectionMatrix, 7, 0.007
draw, 210321, 210.321
clear, 20, 0.02
update, 203405, 203.405
modelMatrix, 5, 0.005
viewMatrix, 18, 0.018
projectionMatrix, 8, 0.008
draw, 204918, 204.918
clear, 17, 0.017
update, 201362, 201.362
modelMatrix, 5, 0.005
viewMatrix, 17, 0.017
projectionMatrix, 8, 0.008
draw, 202871, 202.871
clear, 17, 0.017
update, 203728, 203.728
modelMatrix, 5, 0.005
viewMatrix, 14, 0.014
projectionMatrix, 4, 0.004
draw, 205006, 205.006
clear, 16, 0.016
update, 204480, 204.48
modelMatrix, 5, 0.005
viewMatrix, 13, 0.013
projectionMatrix, 6, 0.006
draw, 205817, 205.817
clear, 13, 0.013
update, 209594, 209.594
modelMatrix, 5, 0.005
viewMatrix, 15, 0.015
projectionMatrix, 5, 0.005
draw, 210718, 210.718
clear, 17, 0.017
update, 218047, 218.047
modelMatrix, 5, 0.005
viewMatrix, 14, 0.014
projectionMatrix, 5, 0.005
draw, 219296, 219.296
clear, 17, 0.017
update, 211581, 211.581
modelMatrix, 5, 0.005
viewMatrix, 14, 0.014
projectionMatrix, 5, 0.005
draw, 212847, 212.847
clear, 16, 0.016
update, 211912, 211.912
modelMatrix, 5, 0.005
viewMatrix, 14, 0.014
projectionMatrix, 6, 0.006
draw, 213217, 213.217
clear, 14, 0.014
update, 205003, 205.003
modelMatrix, 5, 0.005
viewMatrix, 14, 0.014
projectionMatrix, 5, 0.005
draw, 206228, 206.228
